id,title,description,key_words,entity,program,point_of_contact,vendor,starts_at,ends_at,amount_dollar,initial_term_amount,contract_type,contract_status,amount_duration,initial_term_duration,end_trigger
1,Contract 1,Cupiditate aut aut. Voluptatem qui aspernatur. Sed omnis est. Consequatur sapiente et. Modi earum ut. Nemo quos non. At libero odit. Sed incidunt officiis. Sint laudantium repellendus. Commodi quia sequi. Ut quos error. Debitis eius qui. Et dolores aut. Et sint architecto. Rem ea consequatur.,"[""ut"", ""aut"", ""cumque""]",#<Entity:0x00007f7c940d1a98>,#<Program:0x00007f7c9409f110>,#<User:0x00007f7c96c7bcc0>,#<Vendor:0x00007f7c95bdd760>,2021-08-08 00:00:00 UTC,2049-06-13 00:00:00 UTC,1927.883353925615,3852,grant,in_progress,month,month,upon_completion
2,Contract 2,Est sit ad. Quia praesentium consequatur. Eos nihil asperiores. Aut minus eum. Facilis aut consequatur. Aut maiores qui. Eligendi ut dolore. Corrupti fugit rem. Neque maxime nulla. Quaerat ut quae. Inventore pariatur non. Sequi nihil provident. Reprehenderit sit earum. Ut facere vel. Non beatae ratione.,"[""odit"", ""aspernatur"", ""debitis""]",#<Entity:0x00007f7c9524b558>,#<Program:0x00007f7c95253708>,#<User:0x00007f7c942c7550>,#<Vendor:0x00007f7c942c6c40>,2022-12-05 00:00:00 UTC,2052-01-21 00:00:00 UTC,2542.0731237112714,1737,contract,in_progress,month,month,continuous
3,Contract 3,Corrupti et fugiat. Eius ea et. Voluptate placeat at. Sit maiores explicabo. Modi expedita a. Autem iste hic. Hic illum et. Hic officiis quo. In est ducimus. Eum ipsam aut. Molestias nobis repellat. A ut harum. Quisquam architecto enim. Voluptatibus non assumenda. In doloribus at.,"[""recusandae"", ""minima"", ""quibusdam""]",#<Entity:0x00007f7c952a85c8>,#<Program:0x00007f7c952a23a8>,#<User:0x00007f7c952bc780>,#<Vendor:0x00007f7c952b4e40>,2021-10-17 00:00:00 UTC,2051-02-08 00:00:00 UTC,2876.594092742434,2511,grant,approved,month,month,continuous
4,Contract 4,Blanditiis dignissimos delectus. Voluptates iure voluptatibus. Sequi blanditiis et. Voluptatum voluptatem omnis. Ab sit natus. Hic nesciunt ratione. Voluptatum a nam. Necessitatibus laborum numquam. Rerum quidem cum. Quia quo non. Illo iure autem. Quia qui voluptatum. Sed quo quas. Optio aut voluptas. Sed voluptas voluptatem.,"[""veritatis"", ""esse"", ""est""]",#<Entity:0x00007f7c952ced90>,#<Program:0x00007f7c952cb410>,#<User:0x00007f7c952c7db0>,#<Vendor:0x00007f7c952c4930>,2022-11-11 00:00:00 UTC,2044-05-12 00:00:00 UTC,1600.7675085642686,842,ILA,in_progress,month,month,limited_term
5,Contract 5,Tempora dicta expedita. Ipsam non fugit. Est sint nihil. Omnis sit et. Vel et consequatur. Consectetur hic sapiente. Praesentium aliquam assumenda. Consequatur modi est. At et et. Natus ut iste. Nam et consequuntur. Iste ea ab. Autem dolores culpa. Autem commodi sint. Explicabo doloribus consectetur.,"[""rerum"", ""amet"", ""aut""]",#<Entity:0x00007f7c952dea60>,#<Program:0x00007f7c952d91a0>,#<User:0x00007f7c952fd5c8>,#<Vendor:0x00007f7c952f7808>,2022-05-27 00:00:00 UTC,2048-10-19 00:00:00 UTC,424.6497145365805,3007,MOU_MOA,in_progress,month,month,continuous
6,Contract 6,Sequi porro vero. Autem aut eum. Repudiandae reiciendis aut. Deleniti non voluptates. Quo occaecati nisi. Odio molestiae illo. Beatae quis ipsa. Tenetur sequi optio. Velit vel eum. Sequi reprehenderit rerum. Sunt atque corporis. Eius sed reprehenderit. Molestiae id repellendus. Modi quos consectetur. Aliquid sed nihil.,"[""reiciendis"", ""sint"", ""voluptatibus""]",#<Entity:0x00007f7c9530f980>,#<Program:0x00007f7c95309620>,#<User:0x00007f7c95305200>,#<Vendor:0x00007f7c9531ecf0>,2021-09-12 00:00:00 UTC,2046-10-08 00:00:00 UTC,3810.844990368698,2676,letter_of_intent,approved,month,month,continuous
7,Contract 7,Eum saepe corporis. Fugiat adipisci veniam. Et perspiciatis reprehenderit. Consequatur ullam est. Officia velit aliquam. Quo tenetur repudiandae. Delectus vero odit. Corporis ut expedita. Est deleniti minima. Neque aut dolores. Ab et quis. Voluptatem optio tempora. A eos quo. Doloremque sequi officiis. Vero ipsam voluptas.,"[""deleniti"", ""delectus"", ""asperiores""]",#<Entity:0x00007f7c95319610>,#<Program:0x00007f7c95311f50>,#<User:0x00007f7c95325b40>,#<Vendor:0x00007f7c95321a40>,2022-09-29 00:00:00 UTC,2045-05-04 00:00:00 UTC,1601.837460235153,4270,property_lease,in_progress,month,month,upon_completion
8,Contract 8,Possimus dolorum maxime. Ut ipsum ea. Et cupiditate quae. Vitae dolor et. Deleniti eum et. Consequatur dolor corporis. Voluptas repudiandae harum. Quas necessitatibus est. Eveniet praesentium unde. Perferendis rem officiis. Quia occaecati hic. Sapiente ea unde. Qui ducimus recusandae. Dolore nihil a. Aut fuga porro.,"[""maxime"", ""facilis"", ""sit""]",#<Entity:0x00007f7c9533d5d8>,#<Program:0x00007f7c9533a018>,#<User:0x00007f7c953365f8>,#<Vendor:0x00007f7c95332f98>,2021-05-30 00:00:00 UTC,2044-05-29 00:00:00 UTC,3878.3236265976984,1168,property_lease,approved,month,month,upon_completion
9,Contract 9,Eligendi tempore voluptates. Quae sed vel. Pariatur impedit tempora. Quia rerum est. Similique veniam culpa. Sunt alias ipsa. Aliquam perferendis est. Nostrum unde consequatur. Tempora voluptatem mollitia. Sed alias ab. Sed dolore non. A quo possimus. Incidunt molestiae voluptas. Dolor velit unde. Magnam doloremque assumenda.,"[""quia"", ""sed"", ""et""]",#<Entity:0x00007f7c9534dfc8>,#<Program:0x00007f7c95347e48>,#<User:0x00007f7c9535f5c0>,#<Vendor:0x00007f7c9535c280>,2022-12-04 00:00:00 UTC,2049-07-27 00:00:00 UTC,3891.868698654982,591,letter_of_intent,approved,month,month,upon_completion
10,Contract 10,Veritatis expedita sit. Quibusdam repudiandae ut. Animi nulla veniam. Ipsam perspiciatis eum. Itaque iste quia. Molestiae magnam aperiam. Et tenetur nam. Qui voluptates et. Molestias ipsam dolorem. Cupiditate nostrum cumque. Enim sunt doloremque. Harum eum debitis. Veniam eum porro. Debitis dolores repudiandae. Illum in sunt.,"[""perferendis"", ""voluptas"", ""delectus""]",#<Entity:0x00007f7c95358900>,#<Program:0x00007f7c95355340>,#<User:0x00007f7c95351920>,#<Vendor:0x00007f7c9536cd10>,2021-12-19 00:00:00 UTC,2051-06-28 00:00:00 UTC,2223.9271734302542,2587,contract,approved,month,month,upon_completion
11,Contract 11,Officia iure sit. Dolores deleniti voluptatibus. Quam ratione reiciendis. Vel rerum pariatur. Deserunt adipisci rerum. Ad corporis rerum. Rem quo sit. Quo sint aut. Voluptates sapiente natus. Aperiam facilis enim. Excepturi sed autem. Vel enim iusto. Dolores nesciunt mollitia. Aut qui ipsum. Maxime aut recusandae.,"[""minima"", ""qui"", ""voluptatem""]",#<Entity:0x00007f7c95364c50>,#<Program:0x00007f7c953600b0>,#<User:0x00007f7c953762c0>,#<Vendor:0x00007f7c953af340>,2022-04-07 00:00:00 UTC,2047-06-23 00:00:00 UTC,4400.368545001363,287,ILA,approved,month,month,limited_term
12,Contract 12,Id dolores dicta. Sunt reiciendis molestias. Cumque enim quam. Sed ducimus neque. Ipsam fuga sunt. Tempore placeat sed. Sit temporibus qui. In nemo ea. Molestias est in. Aperiam ea quis. Vel amet eum. Vel labore veritatis. Voluptatem iure laborum. Rerum eveniet et. Saepe ad labore.,"[""est"", ""veniam"", ""voluptates""]",#<Entity:0x00007f7c953a91c0>,#<Program:0x00007f7c953a2dc0>,#<User:0x00007f7c953bf150>,#<Vendor:0x00007f7c953bb870>,2022-02-27 00:00:00 UTC,2045-02-04 00:00:00 UTC,4647.7083086370085,4782,property_lease,in_progress,month,month,limited_term
13,Contract 13,Fugit repudiandae eos. Omnis laudantium minima. Amet maxime perferendis. Aut sunt reiciendis. Voluptas fugit sed. Soluta repellat quibusdam. Nulla et laborum. Doloribus qui pariatur. Est voluptate dolores. Magni illo animi. Vel doloremque error. Tempora maiores est. Deleniti qui inventore. Ut odio voluptates. Veritatis autem dignissimos.,"[""occaecati"", ""dolor"", ""ratione""]",#<Entity:0x00007f7c953b1370>,#<Program:0x00007f7c953c9240>,#<User:0x00007f7c953c2120>,#<Vendor:0x00007f7c953de578>,2022-04-13 00:00:00 UTC,2049-08-16 00:00:00 UTC,987.8516022909952,2601,ILA,in_progress,month,month,upon_completion
14,Contract 14,Explicabo sed rerum. Numquam neque excepturi. Voluptatem consequatur at. Facilis nam ut. Maxime repellendus in. Sint est nulla. Consequuntur vero et. Dolorem enim sint. Hic quasi velit. Reiciendis ratione modi. Velit perspiciatis deserunt. Illum repellendus eos. Corporis magnam natus. Possimus recusandae vitae. Quia architecto accusamus.,"[""velit"", ""quod"", ""inventore""]",#<Entity:0x00007f7c953d8b78>,#<Program:0x00007f7c953d2778>,#<User:0x00007f7c953eb728>,#<Vendor:0x00007f7c953e32a8>,2021-05-18 00:00:00 UTC,2049-07-07 00:00:00 UTC,1444.8019998839163,2169,letter_of_intent,approved,month,month,limited_term
15,Contract 15,Sint id iusto. Iste natus ad. Reprehenderit error in. Quos et saepe. Est occaecati nobis. Neque officia debitis. Ea ut qui. Et odit eos. Veritatis dolor nemo. Consequatur non unde. Inventore quaerat vel. Doloribus reiciendis aut. Ut veniam modi. Delectus et itaque. Dolores est neque.,"[""soluta"", ""distinctio"", ""voluptatum""]",#<Entity:0x00007f7c953fe3a0>,#<Program:0x00007f7c953fa980>,#<User:0x00007f7c953f6b00>,#<Vendor:0x00007f7c953f3360>,2022-03-29 00:00:00 UTC,2048-12-01 00:00:00 UTC,2675.5580901679587,4384,property_lease,approved,month,month,continuous
16,Contract 16,Totam eum doloremque. Et saepe et. Quod aliquam illo. Corrupti omnis sint. Nihil sed repellat. Molestias voluptates eum. Qui aut atque. Quia officia est. Et voluptate laudantium. Asperiores qui eligendi. Saepe est quas. Quasi aut rerum. Molestiae consequatur non. Est consectetur excepturi. Ut aliquid et.,"[""fuga"", ""reiciendis"", ""quasi""]",#<Entity:0x00007f7c9540f3d0>,#<Program:0x00007f7c95409930>,#<User:0x00007f7c95404390>,#<Vendor:0x00007f7c95411860>,2022-12-08 00:00:00 UTC,2049-06-23 00:00:00 UTC,4225.233471592835,1218,ILA,approved,month,month,limited_term
17,Contract 17,Consequuntur deleniti quia. Dolores excepturi veritatis. Dolore eligendi sit. Ut at eaque. Accusamus placeat impedit. Labore aliquam dolores. Ipsam ut delectus. Rerum et debitis. Occaecati quo velit. Eligendi ad vitae. Architecto quia voluptatum. Officiis non enim. Voluptatem iusto nam. Possimus sed beatae. Vel molestiae doloremque.,"[""quia"", ""rerum"", ""ratione""]",#<Entity:0x00007f7c95424578>,#<Program:0x00007f7c9543a008>,#<User:0x00007f7c9547fd38>,#<Vendor:0x00007f7c9547c6d8>,2023-03-24 00:00:00 UTC,2044-09-18 00:00:00 UTC,819.9056328490736,1158,letter_of_intent,in_progress,month,month,continuous
18,Contract 18,Quia totam aut. Aut exercitationem veniam. Deleniti in molestiae. Enim suscipit est. Ipsam voluptas provident. Quis voluptatum quia. Similique officia unde. Magnam qui et. Rerum nostrum natus. Cumque quia quasi. Laudantium voluptas dolorem. Praesentium ipsum modi. Magni aut voluptas. Suscipit culpa quod. Qui quia beatae.,"[""soluta"", ""in"", ""sed""]",#<Entity:0x00007f7c95478cb8>,#<Program:0x00007f7c95475518>,#<User:0x00007f7c95471c38>,#<Vendor:0x00007f7c95499440>,2021-05-15 00:00:00 UTC,2046-10-21 00:00:00 UTC,4164.357825507044,3147,contract,in_progress,month,month,upon_completion
19,Contract 19,Atque voluptas ipsam. Ipsa repellat aut. Velit et nulla. Quaerat sequi impedit. Provident inventore voluptatem. Sed blanditiis quia. Iusto debitis optio. Explicabo necessitatibus rem. Explicabo quibusdam accusamus. Sint consequatur blanditiis. Accusamus voluptatum esse. Tempore qui aspernatur. Minus a alias. Qui dolores hic. Eius soluta tenetur.,"[""earum"", ""neque"", ""sed""]",#<Entity:0x00007f7c954a9570>,#<Program:0x00007f7c954a1870>,#<User:0x00007f7c954e52a0>,#<Vendor:0x00007f7c955f99c0>,2023-01-05 00:00:00 UTC,2045-02-28 00:00:00 UTC,1738.4715901559825,2414,grant,in_progress,month,month,limited_term
20,Contract 20,Labore ad inventore. Quaerat numquam autem. Vero maiores debitis. Odit error fugiat. Velit officiis consectetur. Ut atque iure. Quod numquam quia. Dolorem quibusdam voluptas. Distinctio numquam iste. Tempora occaecati in. Cumque omnis labore. Ad et voluptates. Nihil autem voluptas. Quis consequatur et. Id est beatae.,"[""omnis"", ""ratione"", ""ad""]",#<Entity:0x00007f7c9568a3d0>,#<Program:0x00007f7c956fbc38>,#<User:0x00007f7c9661ee40>,#<Vendor:0x00007f7c96612be0>,2021-08-13 00:00:00 UTC,2046-12-26 00:00:00 UTC,2118.808541397759,3384,property_lease,in_progress,month,month,continuous
21,Contract 21,Quisquam eum iure. Et vel inventore. Sit voluptatem ut. Ea quibusdam velit. Sint mollitia modi. Dolores omnis rem. Cupiditate modi quis. Sed tempora odit. Quidem architecto optio. Quas doloribus eum. Vitae quis quam. Consequatur dignissimos saepe. Dolorem nemo quia. Sed voluptatem rem. Neque eaque omnis.,"[""molestiae"", ""tempore"", ""nostrum""]",#<Entity:0x00007f7c966988f8>,#<Program:0x00007f7c966dfdc0>,#<User:0x00007f7c966d42e0>,#<Vendor:0x00007f7c966fafa8>,2022-03-02 00:00:00 UTC,2050-09-28 00:00:00 UTC,165.78318135897115,501,MOU_MOA,in_progress,month,month,continuous
22,Contract 22,Sed veniam alias. Beatae fugit nemo. Non reiciendis vero. Commodi ullam ab. Sapiente similique necessitatibus. Quasi possimus libero. Et qui quisquam. Inventore similique exercitationem. Fuga laboriosam doloribus. Ea aspernatur excepturi. Voluptatibus eos qui. Omnis et voluptas. A qui minus. Autem reiciendis sed. Et cupiditate ut.,"[""quisquam"", ""at"", ""a""]",#<Entity:0x00007f7c966f3a28>,#<Program:0x00007f7c96717f90>,#<User:0x00007f7c97a23c10>,#<Vendor:0x00007f7c8ffacdb0>,2021-07-10 00:00:00 UTC,2046-07-19 00:00:00 UTC,3887.57705987385,3491,letter_of_intent,approved,month,month,limited_term
23,Contract 23,Sapiente eos non. Quasi numquam debitis. Reiciendis voluptatum quam. Velit cumque hic. Repellat et nulla. Maiores et sed. Sapiente molestiae provident. Commodi repellat accusamus. Neque doloremque non. Et exercitationem culpa. Voluptatibus sed et. Quisquam similique id. Minima optio nostrum. Laudantium et magni. Officia sit cumque.,"[""saepe"", ""minima"", ""nostrum""]",#<Entity:0x00007f7c8ffa9610>,#<Program:0x00007f7c8ffa62d0>,#<User:0x00007f7c8ffa2d10>,#<Vendor:0x00007f7c8ff8f968>,2021-05-07 00:00:00 UTC,2049-05-24 00:00:00 UTC,4484.4346213392955,2874,ILA,approved,month,month,limited_term
24,Contract 24,Sint voluptatibus tenetur. Minus esse illo. Et est quod. Cupiditate aspernatur assumenda. Soluta vero similique. Sit ipsa assumenda. Quas architecto dolorem. Dolor perferendis et. Quas odit est. Sed in rem. Rem officiis nemo. Voluptatibus cum necessitatibus. Ea commodi reprehenderit. Natus sed facilis. Officiis aliquam sapiente.,"[""qui"", ""esse"", ""non""]",#<Entity:0x00007f7c8ff8c128>,#<Program:0x00007f7c8ff88de8>,#<User:0x00007f7c8ff85828>,#<Vendor:0x00007f7c8ff824e8>,2021-09-04 00:00:00 UTC,2044-03-23 00:00:00 UTC,2532.4199408776967,587,ILA,in_progress,month,month,limited_term
25,Contract 25,Fugit tenetur quia. Expedita aut mollitia. Odio quae sit. Cumque magnam animi. Quidem placeat quia. Et rerum velit. Consequuntur sed itaque. Dolorem dolores cumque. Itaque quasi saepe. Aut in sint. Sed dignissimos dolore. Ullam placeat enim. Tenetur enim quidem. Sequi et sit. Laborum est assumenda.,"[""in"", ""rerum"", ""et""]",#<Entity:0x00007f7c8ff6ece0>,#<Program:0x00007f7c8ff6b9a0>,#<User:0x00007f7c8ff683e0>,#<Vendor:0x00007f7c8ff650a0>,2022-06-20 00:00:00 UTC,2046-04-23 00:00:00 UTC,1156.7073905822147,3034,MOU_MOA,approved,month,month,continuous
26,Contract 26,Est maxime amet. Animi fugit aliquam. Aut at vel. Consequatur nihil suscipit. Nam id fugiat. Ratione occaecati ut. Voluptatem eaque dolorem. Vitae qui minima. At ullam error. Dignissimos deserunt et. Laboriosam facilis culpa. Voluptatem doloremque veniam. Sed ab dicta. In aliquam porro. Et rem animi.,"[""quasi"", ""harum"", ""nostrum""]",#<Entity:0x00007f7c8ff61900>,#<Program:0x00007f7c8ff4e4e0>,#<User:0x00007f7c8ff4af20>,#<Vendor:0x00007f7c8ff47be0>,2021-12-24 00:00:00 UTC,2048-03-11 00:00:00 UTC,3129.8576011415275,1177,ILA,approved,month,month,limited_term
27,Contract 27,Quod iure aut. Aut est excepturi. Vel placeat dolorem. Maiores sed amet. Sunt itaque ea. Aliquid numquam amet. Commodi dolore dolorem. Repellendus aut expedita. Iure deserunt ipsum. Porro sit tempora. Optio ab ut. Repellendus iste rerum. Molestias repudiandae et. Dolores quas nemo. Libero quo natus.,"[""provident"", ""velit"", ""placeat""]",#<Entity:0x00007f7c8ff443a0>,#<Program:0x00007f7c8ff41060>,#<User:0x00007f7c8ff2d858>,#<Vendor:0x00007f7c8ff2a518>,2021-06-26 00:00:00 UTC,2047-05-23 00:00:00 UTC,2315.8468563680076,4452,MOU_MOA,approved,month,month,limited_term
28,Contract 28,Rerum fugiat alias. Maxime deserunt atque. Eos qui mollitia. Repellat hic aut. Ex temporibus autem. Illum modi alias. Architecto nam et. Quasi sint qui. Cumque est nulla. Placeat quibusdam veritatis. Quibusdam aut voluptatibus. Magni explicabo eos. Molestias quia magnam. Saepe velit eius. Voluptas qui qui.,"[""dicta"", ""quas"", ""facilis""]",#<Entity:0x00007f7c8ff26cd8>,#<Program:0x00007f7c8ff23998>,#<User:0x00007f7c8ff203d8>,#<Vendor:0x00007f7c952e0518>,2021-10-23 00:00:00 UTC,2048-04-12 00:00:00 UTC,4673.745787282787,2230,grant,approved,month,month,continuous
29,Contract 29,Iusto eos earum. Est et officia. Dolorem earum reiciendis. Consequatur porro laborum. Reiciendis qui omnis. Tempora dicta dolores. Architecto eius dolor. Fuga et earum. Sequi autem quia. Sit possimus sequi. Repellat tempore numquam. Dolore numquam et. Est explicabo eum. Repellendus voluptatem iusto. Officiis laboriosam facilis.,"[""iusto"", ""ex"", ""saepe""]",#<Entity:0x00007f7c9538beb8>,#<Program:0x00007f7c95387598>,#<User:0x00007f7c953823b8>,#<Vendor:0x00007f7c9544e120>,2022-07-19 00:00:00 UTC,2043-06-10 00:00:00 UTC,4914.767083580333,2073,contract,approved,month,month,limited_term
30,Contract 30,Dignissimos quo in. Nihil cum voluptatibus. Ipsam similique voluptas. Ratione in rem. Occaecati et non. Culpa dolores sint. Dicta assumenda nam. Adipisci possimus et. Rerum similique in. Quas et occaecati. Necessitatibus dolorem eveniet. Saepe veniam sapiente. Ipsam asperiores enim. Eveniet repudiandae enim. Similique ipsam magnam.,"[""voluptate"", ""vel"", ""sunt""]",#<Entity:0x00007f7c954470a0>,#<Program:0x00007f7c8feffac0>,#<User:0x00007f7c8fefc500>,#<Vendor:0x00007f7c8fef91c0>,2021-05-25 00:00:00 UTC,2045-04-22 00:00:00 UTC,1681.4326002262617,3740,MOU_MOA,in_progress,month,month,limited_term
31,Contract 31,Nulla facere natus. Sunt quis vel. Incidunt voluptatibus ut. Id totam soluta. Dolor voluptatum velit. Repellendus qui rerum. Voluptatem rerum et. Eos labore accusantium. Voluptate itaque adipisci. Voluptatum ut repudiandae. Neque nisi itaque. Alias quidem iste. Et magnam quod. Repellendus et ad. Eos non sed.,"[""et"", ""rerum"", ""omnis""]",#<Entity:0x00007f7c8fef5980>,#<Program:0x00007f7c8fef2640>,#<User:0x00007f7c8fedf018>,#<Vendor:0x00007f7c8fedbcd8>,2022-12-14 00:00:00 UTC,2045-06-22 00:00:00 UTC,4094.011750464777,2514,letter_of_intent,in_progress,month,month,continuous
32,Contract 32,Placeat voluptatem quod. In consectetur voluptas. Magni nihil eveniet. Consequuntur atque voluptatibus. Esse atque soluta. Eos ut doloribus. Nobis magnam reiciendis. Neque fuga omnis. Eos quaerat non. Nemo officiis aperiam. Molestiae consequatur vero. Numquam animi molestiae. Eos ut aliquam. Harum voluptates dolores. Laboriosam dicta nihil.,"[""repudiandae"", ""voluptates"", ""molestias""]",#<Entity:0x00007f7c8fed8538>,#<Program:0x00007f7c8fed51f8>,#<User:0x00007f7c8fed1a58>,#<Vendor:0x00007f7c8febe6b0>,2021-08-25 00:00:00 UTC,2044-04-12 00:00:00 UTC,2230.0647779570336,3845,letter_of_intent,in_progress,month,month,upon_completion
33,Contract 33,Modi dolores reiciendis. Distinctio nostrum vel. Molestias aut qui. Modi nesciunt dolore. Non eos dolorem. Aliquam praesentium quas. Et ratione molestias. Quae optio nemo. Fugiat tempora non. Nihil sed molestias. Incidunt eos nemo. Veniam ipsa voluptate. Porro quia voluptate. Hic officia eum. Veniam unde quaerat.,"[""aut"", ""officia"", ""at""]",#<Entity:0x00007f7c8febae70>,#<Program:0x00007f7c8feb7b30>,#<User:0x00007f7c8feb4390>,#<Vendor:0x00007f7c8feb1050>,2023-03-22 00:00:00 UTC,2052-11-14 00:00:00 UTC,4605.924616937156,3864,letter_of_intent,approved,month,month,continuous
34,Contract 34,Voluptates magni laboriosam. Tenetur commodi ex. Expedita at officiis. Qui numquam voluptatem. Optio ex ut. Cum aut adipisci. Laborum illum sint. Cumque culpa vel. Libero enim amet. Quia delectus facilis. Voluptatibus qui laborum. Maiores ad consequuntur. Et atque blanditiis. Possimus libero aut. Velit aut hic.,"[""a"", ""unde"", ""id""]",#<Entity:0x00007f7c8fe9d848>,#<Program:0x00007f7c8fe9a508>,#<User:0x00007f7c8fe96f48>,#<Vendor:0x00007f7c8fe93c08>,2022-09-15 00:00:00 UTC,2052-05-12 00:00:00 UTC,3938.36002678046,1192,grant,approved,month,month,continuous
35,Contract 35,Aut aut eligendi. Qui dolorum quia. Corporis et enim. Et quidem quam. Ea officia cum. Architecto quibusdam vitae. Quos aut recusandae. Omnis delectus autem. Error nulla voluptas. Sint consequuntur illo. Autem quae rem. Sed reiciendis minus. Porro officia laborum. Eum quam dolorem. Quos quaerat nihil.,"[""et"", ""libero"", ""voluptatem""]",#<Entity:0x00007f7c8fe90468>,#<Program:0x00007f7c95459b10>,#<User:0x00007f7c95453210>,#<Vendor:0x00007f7c9546d480>,2021-10-25 00:00:00 UTC,2046-03-23 00:00:00 UTC,2226.6110785347414,1641,contract,approved,month,month,continuous
36,Contract 36,Nisi qui possimus. Reprehenderit minima tempore. Impedit laboriosam velit. Animi totam sed. Culpa facilis ex. Illo omnis quasi. Deserunt incidunt cum. Iusto ex beatae. Quos pariatur natus. In tempora voluptas. Eligendi voluptatibus id. Autem quia quia. Voluptatem quam quia. A hic possimus. Magni quis veniam.,"[""qui"", ""magni"", ""omnis""]",#<Entity:0x00007f7c954699c0>,#<Program:0x00007f7c9547f0b8>,#<User:0x00007f7c9547b7d8>,#<Vendor:0x00007f7c954780d8>,2021-04-30 00:00:00 UTC,2049-02-08 00:00:00 UTC,476.8384923632017,2735,ILA,in_progress,month,month,limited_term
37,Contract 37,Qui omnis modi. Aut ea voluptas. Dolorum modi odit. Provident atque doloremque. Ratione repellendus a. Quod illo quis. Et sit ducimus. Ea earum ea. Totam itaque laborum. Repellat ea placeat. Hic similique repellendus. Quis molestiae quaerat. Quia blanditiis autem. Asperiores aperiam rerum. Possimus officia labore.,"[""quia"", ""quo"", ""dolorem""]",#<Entity:0x00007f7c95474398>,#<Program:0x00007f7c95470d38>,#<User:0x00007f7c9539c1c8>,#<Vendor:0x00007f7c95393ac8>,2021-09-10 00:00:00 UTC,2052-03-08 00:00:00 UTC,2.577603118598009,960,grant,approved,month,month,continuous
38,Contract 38,Voluptatem labore doloribus. Veritatis expedita voluptas. Perferendis quam culpa. Adipisci est assumenda. Dicta iure adipisci. Adipisci delectus fuga. Alias accusamus sit. Similique porro provident. Asperiores qui dolor. Minus nostrum molestias. Sit asperiores omnis. Aliquam mollitia tempore. Sint voluptatem et. Ullam tempore enim. At dolorem quos.,"[""ut"", ""sequi"", ""soluta""]",#<Entity:0x00007f7c953acc80>,#<Program:0x00007f7c953a73c0>,#<User:0x00007f7c953a1600>,#<Vendor:0x00007f7c952fbb88>,2021-07-06 00:00:00 UTC,2046-03-31 00:00:00 UTC,1907.3367644111433,2212,property_lease,approved,month,month,limited_term
39,Contract 39,Possimus et perspiciatis. Quia aut velit. Possimus excepturi ut. Laboriosam aliquid beatae. Et est quasi. Tempora esse dolores. Animi provident ut. Neque cumque doloribus. Ex nemo repellat. Animi quibusdam soluta. Quo non enim. Omnis qui quia. Sit voluptas qui. Neque porro et. A enim qui.,"[""molestias"", ""non"", ""nesciunt""]",#<Entity:0x00007f7c952f50a8>,#<Program:0x00007f7c9530de00>,#<User:0x00007f7c95307460>,#<Vendor:0x00007f7c95301a60>,2021-12-07 00:00:00 UTC,2045-11-28 00:00:00 UTC,3947.1551748344855,908,property_lease,approved,month,month,continuous
40,Contract 40,Autem consequatur sint. Iusto dolor saepe. Deserunt qui minima. Quia cupiditate eum. Sunt deleniti omnis. Quia ut molestias. Tempora nostrum sit. Deleniti maxime molestias. Autem eum maiores. Dolorem eum consectetur. Ratione voluptatem quasi. Aliquam ullam omnis. Quasi laboriosam ut. Quia veritatis veniam. Non et veniam.,"[""quae"", ""dolores"", ""esse""]",#<Entity:0x00007f7c8ff8de88>,#<Program:0x00007f7c8ff8aaa8>,#<User:0x00007f7c8ff873a8>,#<Vendor:0x00007f7c8ff83fc8>,2023-04-17 00:00:00 UTC,2044-09-28 00:00:00 UTC,2485.6259435855222,4751,property_lease,approved,month,month,continuous
41,Contract 41,Cupiditate magnam consequuntur. Et repellendus animi. Porro aut et. Officia numquam consequuntur. Dolor aliquid autem. Rerum dolor facilis. Ratione aut rem. Ipsam maxime nihil. Vero consequatur consequuntur. Tempora et deleniti. Nobis quibusdam esse. Consequatur nesciunt est. Tenetur placeat similique. Doloremque sit consequuntur. Consectetur laudantium deserunt.,"[""earum"", ""doloribus"", ""quod""]",#<Entity:0x00007f7c8ff806e8>,#<Program:0x00007f7c8fe9d2a8>,#<User:0x00007f7c8fe999c8>,#<Vendor:0x00007f7c8fe965e8>,2022-05-30 00:00:00 UTC,2046-05-01 00:00:00 UTC,1106.64679708548,1540,letter_of_intent,in_progress,month,month,upon_completion
42,Contract 42,Molestiae esse est. Dolor unde ut. Hic nulla dolorum. Hic ut reiciendis. Maiores sequi vel. Sunt odit odio. Sequi eum ratione. Consectetur dignissimos sed. Expedita magnam est. Est iste voluptas. Enim minima consequatur. Repudiandae neque laborum. Quod ullam qui. Voluptatibus nihil commodi. Est beatae impedit.,"[""delectus"", ""id"", ""iusto""]",#<Entity:0x00007f7c8fe90d28>,#<Program:0x00007f7c8febd490>,#<User:0x00007f7c8feb9e30>,#<Vendor:0x00007f7c8feb69b0>,2021-11-24 00:00:00 UTC,2051-12-30 00:00:00 UTC,3301.676281675422,3753,grant,in_progress,month,month,limited_term
43,Contract 43,Similique atque dolorem. Fugiat recusandae cum. Maiores facere recusandae. Ut autem sed. Labore exercitationem quis. Ea atque ut. Voluptates exercitationem quia. At error vero. Vero rem consequatur. Earum consequatur voluptatem. Qui et distinctio. Quis dolorem eos. Corrupti non deserunt. Ut quas quisquam. Vero qui ipsum.,"[""quos"", ""debitis"", ""dolor""]",#<Entity:0x00007f7c8feb30d0>,#<Program:0x00007f7c8fedfc98>,#<User:0x00007f7c8fedc458>,#<Vendor:0x00007f7c8fed9078>,2023-01-15 00:00:00 UTC,2043-09-28 00:00:00 UTC,4413.192927641431,4185,MOU_MOA,approved,month,month,limited_term
44,Contract 44,Et eaque enim. Dicta et eos. Architecto ut ea. Adipisci cupiditate et. Unde veniam similique. Numquam provident consequuntur. Magnam maiores sint. Doloribus quisquam voluptatem. Quis officia in. Quis molestias illo. Exercitationem illo pariatur. Aut occaecati aut. Unde qui modi. Odit eveniet iure. Enim ipsa possimus.,"[""sunt"", ""molestiae"", ""tempore""]",#<Entity:0x00007f7c8fed5798>,#<Program:0x00007f7c8fed2318>,#<User:0x00007f7c8fefeb20>,#<Vendor:0x00007f7c8fefb740>,2022-11-21 00:00:00 UTC,2050-02-23 00:00:00 UTC,1730.8794736082612,3080,MOU_MOA,in_progress,month,month,limited_term
45,Contract 45,Accusantium porro deleniti. Aut non minima. Quia dolor praesentium. Laborum optio et. Magni aspernatur in. Et quasi recusandae. At qui nemo. Rerum velit consequatur. Recusandae excepturi sit. Aperiam aut suscipit. Non ut numquam. Quam in velit. Fugit aut tenetur. Et aut iusto. Labore dolor iure.,"[""a"", ""dolor"", ""repellat""]",#<Entity:0x00007f7c8fef7e60>,#<Program:0x00007f7c8fef4a80>,#<User:0x00007f7c8fef1380>,#<Vendor:0x00007f7c8ff2dfd8>,2021-04-27 00:00:00 UTC,2052-04-05 00:00:00 UTC,3004.4800076698125,186,grant,in_progress,month,month,continuous
46,Contract 46,Voluptas dolor neque. Doloribus quod natus. Consequuntur qui maxime. Similique porro ipsam. Ex expedita eligendi. Nihil nemo dicta. Neque recusandae quo. In eaque tenetur. Fugiat quae voluptate. Sequi enim voluptatum. Corporis et vel. Ratione ea temporibus. Corrupti facilis et. Aliquam possimus at. Numquam sed qui.,"[""et"", ""consequatur"", ""ab""]",#<Entity:0x00007f7c8ff2a6f8>,#<Program:0x00007f7c8ff27318>,#<User:0x00007f7c8ff23cb8>,#<Vendor:0x00007f7c8ff20838>,2021-05-06 00:00:00 UTC,2044-03-07 00:00:00 UTC,1169.9018687997104,2849,property_lease,in_progress,month,month,continuous
47,Contract 47,Error quo quas. Incidunt officia nostrum. Sunt quia facilis. Quo nam voluptatum. Omnis quam voluptatibus. Eos enim et. Repudiandae ea tenetur. Ut qui quis. Quidem excepturi rerum. Est alias dolorum. Repellat quidem non. Debitis id nam. Nemo eos cupiditate. Quis voluptatem iusto. Placeat illum dignissimos.,"[""laborum"", ""delectus"", ""hic""]",#<Entity:0x00007f7c8ff4cdc0>,#<Program:0x00007f7c8ff499e0>,#<User:0x00007f7c8ff46380>,#<Vendor:0x00007f7c8ff42fa0>,2021-10-21 00:00:00 UTC,2048-10-01 00:00:00 UTC,1550.6015739991979,8,property_lease,approved,month,month,upon_completion
48,Contract 48,Repellendus doloribus optio. Consequatur quasi sed. Libero eius doloremque. Vitae et sunt. Impedit similique reprehenderit. Aliquam numquam totam. Consequuntur voluptatem aut. Minima officiis cumque. Ratione autem doloremque. Laborum tempore earum. Eum molestias iste. Officia et est. Quo asperiores repellat. Doloremque quia odit. Magni ut et.,"[""molestias"", ""quasi"", ""dolor""]",#<Entity:0x00007f7c8ffaf5b0>,#<Program:0x00007f7c8ffac1d0>,#<User:0x00007f7c8ffa8b70>,#<Vendor:0x00007f7c8ffa56f0>,2021-05-21 00:00:00 UTC,2045-03-22 00:00:00 UTC,1508.9828850569932,4017,grant,in_progress,month,month,continuous
49,Contract 49,Velit dolore quos. Omnis aut reprehenderit. Sit perferendis tempore. Quam et neque. Libero explicabo ab. Atque amet est. Et ut error. Aut aut voluptatem. Incidunt omnis magnam. Quod maxime reprehenderit. Quia aspernatur inventore. Dolorem hic vel. Vitae rerum doloremque. Porro nesciunt est. Beatae et qui.,"[""commodi"", ""sint"", ""expedita""]",#<Entity:0x00007f7c8ffa1e10>,#<Program:0x00007f7c951dfc90>,#<User:0x00007f7c952087a8>,#<Vendor:0x00007f7c9524add8>,2022-05-29 00:00:00 UTC,2053-03-25 00:00:00 UTC,2638.9978386020275,1108,contract,approved,month,month,upon_completion
50,Contract 50,Error officiis odio. Sint molestiae qui. Nemo odit ut. Qui dignissimos sequi. Ipsum vel dolor. Enim pariatur cumque. Qui consequatur inventore. Accusamus corrupti voluptatem. Officia quod ullam. Adipisci sed eligendi. Odit non ipsam. Molestiae aut rem. Praesentium quia consequuntur. Deserunt optio delectus. Dolore numquam voluptatem.,"[""dolorum"", ""non"", ""vero""]",#<Entity:0x00007f7c9528f320>,#<Program:0x00007f7c95284ec0>,#<User:0x00007f7c952aeec8>,#<Vendor:0x00007f7c952a7768>,2022-11-24 00:00:00 UTC,2045-07-06 00:00:00 UTC,682.2068054719325,3286,property_lease,approved,month,month,upon_completion
51,Expiry Contract 1,Aspernatur nihil nostrum. Quia et et. Ipsam ab recusandae. Nobis hic voluptate. Ex nam nulla. Et pariatur aspernatur. Adipisci ea officia. Nihil aspernatur atque. Ut iusto necessitatibus. Delectus vitae fugit. Ratione deleniti rerum. Dolorem nisi aspernatur. Reprehenderit consequuntur distinctio. Sint consequuntur magnam. Sunt molestiae quo.,"[""ipsum"", ""quis"", ""et""]",#<Entity:0x00007f7c952a0fa8>,#<Program:0x00007f7c952bad40>,#<User:0x00007f7c952b3180>,#<Vendor:0x00007f7c952ce070>,2022-09-12 00:00:00 UTC,2023-04-24 00:00:00 UTC,4205.219864145557,1661,contract,in_progress,month,month,limited_term
52,Expiry Contract 2,Eligendi saepe accusamus. Assumenda libero enim. Quaerat a ut. Nostrum et et. Nam in enim. Sit libero totam. Enim qui aut. Dolores et ut. In non ea. Deserunt et quia. Corrupti quibusdam delectus. Fugit rerum quia. Repellat est officiis. Quia cumque laborum. Libero numquam ut.,"[""accusantium"", ""dicta"", ""omnis""]",#<Entity:0x00007f7c952ca510>,#<Program:0x00007f7c952c7090>,#<User:0x00007f7c952c2f90>,#<Vendor:0x00007f7c952dd660>,2023-01-26 00:00:00 UTC,2023-04-25 00:00:00 UTC,4578.977972149374,4837,contract,in_progress,month,month,limited_term
53,Expiry Contract 3,Repellendus amet facilis. Praesentium maxime nobis. Et quis aut. Autem reprehenderit quia. Quasi consequatur nemo. Voluptatem aut eum. Ipsa in est. Voluptatibus dolores tenetur. Id omnis ea. Quo quis reprehenderit. Et omnis ducimus. Nulla voluptatem itaque. Alias ipsam sequi. Cupiditate cumque et. Quibusdam dolores nam.,"[""qui"", ""voluptatum"", ""tempore""]",#<Entity:0x00007f7c952d6a40>,#<Program:0x00007f7c9531d170>,#<User:0x00007f7c953179f0>,#<Vendor:0x00007f7c9532fb40>,2021-09-28 00:00:00 UTC,2023-04-26 00:00:00 UTC,2401.0056899395354,1226,ILA,in_progress,month,month,upon_completion
54,Expiry Contract 4,Aut et sapiente. Omnis harum delectus. Ratione sint ipsum. Qui at ut. Eveniet amet voluptas. Dolor est amet. Dolorem doloribus et. Ipsa qui vel. Amet qui debitis. Doloribus architecto facilis. Illum aliquam dignissimos. Eos voluptate voluptatem. Dolor vel voluptatem. Neque delectus ipsum. Corrupti quas accusantium.,"[""repudiandae"", ""voluptate"", ""omnis""]",#<Entity:0x00007f7c95323e80>,#<Program:0x00007f7c9533f978>,#<User:0x00007f7c9533beb8>,#<Vendor:0x00007f7c95338858>,2021-10-11 00:00:00 UTC,2023-04-27 00:00:00 UTC,3020.068596305786,3189,letter_of_intent,approved,month,month,continuous
55,Expiry Contract 5,Similique deleniti cumque. Corrupti quo recusandae. Tempora quam consequatur. Fugiat nobis hic. Voluptate eum dolores. Temporibus blanditiis ut. Qui molestias labore. Deserunt accusamus atque. Odit repudiandae et. Et ab expedita. Omnis sunt deleniti. Ipsa sit omnis. Earum suscipit quibusdam. Quo quod nemo. Ullam hic rerum.,"[""doloremque"", ""sunt"", ""libero""]",#<Entity:0x00007f7c95334c58>,#<Program:0x00007f7c953315f8>,#<User:0x00007f7c9534b728>,#<Vendor:0x00007f7c95342ee8>,2022-03-05 00:00:00 UTC,2023-04-28 00:00:00 UTC,1695.4066539893086,3829,MOU_MOA,in_progress,month,month,limited_term
56,Expiry Contract 6,Aspernatur est ut. Unde ad non. Non incidunt soluta. Fugiat iure enim. Sit sed quam. Cupiditate magni laboriosam. Autem ea nulla. Blanditiis dolores porro. Illo beatae quibusdam. Id deserunt ea. Inventore tenetur ut. Possimus dolorem facere. Ab porro harum. Quae illum distinctio. Quam quod totam.,"[""deleniti"", ""ab"", ""amet""]",#<Entity:0x00007f7c9535dae0>,#<Program:0x00007f7c9535a660>,#<User:0x00007f7c95356d80>,#<Vendor:0x00007f7c95353680>,2022-07-04 00:00:00 UTC,2023-04-29 00:00:00 UTC,3150.4975909817385,2459,grant,approved,month,month,limited_term
57,Expiry Contract 7,Quae voluptas voluptas. Qui distinctio qui. Ullam fugiat recusandae. Quia voluptas rerum. Dicta sit quo. Molestiae laboriosam at. Placeat doloremque pariatur. Laborum repellendus dicta. Quis aspernatur ad. Laborum et voluptas. Dolores nemo velit. Eum dolorem similique. Et consequatur voluptates. Quis laborum ipsa. Fugiat nihil natus.,"[""nihil"", ""et"", ""qui""]",#<Entity:0x00007f7c9536fbf0>,#<Program:0x00007f7c95369f70>,#<User:0x00007f7c95362270>,#<Vendor:0x00007f7c9537bf40>,2021-11-01 00:00:00 UTC,2023-04-30 00:00:00 UTC,4009.8157696820317,4105,ILA,approved,month,month,upon_completion
58,Expiry Contract 8,Magnam ut soluta. Quae alias consequuntur. Nihil quaerat expedita. Sunt assumenda modi. Aut nihil et. Tenetur et eligendi. Explicabo velit excepturi. Ea et maiores. Ut ut quis. Quibusdam iste ut. Deleniti laudantium officia. Id et molestias. Est est consectetur. Qui facere ea. Et quia aliquid.,"[""sed"", ""beatae"", ""veniam""]",#<Entity:0x00007f7c95372120>,#<Program:0x00007f7c953bd850>,#<User:0x00007f7c953b4a70>,#<Vendor:0x00007f7c953cd340>,2022-01-20 00:00:00 UTC,2023-05-01 00:00:00 UTC,3241.02103361213,4581,ILA,in_progress,month,month,continuous
59,Expiry Contract 9,Facere aut architecto. Aperiam et libero. Libero perspiciatis neque. Quod tempora mollitia. Quia et enim. Numquam consequatur molestiae. Possimus debitis optio. Maiores quisquam praesentium. Totam qui alias. Molestiae mollitia dolor. Esse harum exercitationem. Alias dicta ab. Rem sed omnis. Rerum porro et. Molestias consectetur eligendi.,"[""quas"", ""qui"", ""suscipit""]",#<Entity:0x00007f7c953c4ce0>,#<Program:0x00007f7c953c0320>,#<User:0x00007f7c953dad38>,#<Vendor:0x00007f7c953d60f8>,2022-05-27 00:00:00 UTC,2023-05-02 00:00:00 UTC,4256.107122993518,3262,MOU_MOA,in_progress,month,month,limited_term
60,Expiry Contract 10,Ducimus recusandae animi. Sequi vel atque. Sint laudantium adipisci. Sed et hic. Aliquid necessitatibus enim. Soluta temporibus quo. Illum itaque quidem. Quos quidem voluptas. Error eaque sit. Ullam cum sequi. Quae aperiam dicta. Sint soluta reiciendis. Voluptate explicabo ut. Minus omnis asperiores. Consequatur aut nisi.,"[""officia"", ""et"", ""similique""]",#<Entity:0x00007f7c953ee7e8>,#<Program:0x00007f7c953e71c8>,#<User:0x00007f7c953ffca0>,#<Vendor:0x00007f7c953fc3c0>,2021-06-26 00:00:00 UTC,2023-05-03 00:00:00 UTC,4482.9957516894265,1528,MOU_MOA,in_progress,month,month,upon_completion
61,Expiry Contract 11,Accusamus tempore dignissimos. Maxime adipisci corrupti. Non enim sequi. Assumenda qui tempore. Totam magnam nisi. Animi sed reiciendis. Quo voluptatem rem. Mollitia magni et. Et eius officia. Fugiat qui dolores. Veniam sed corporis. Odio omnis ea. Saepe ut vel. Officia nihil qui. Optio unde amet.,"[""nobis"", ""optio"", ""perferendis""]",#<Entity:0x00007f7c953f8220>,#<Program:0x00007f7c953f4a80>,#<User:0x00007f7c953f0de0>,#<Vendor:0x00007f7c9540c1d0>,2022-12-17 00:00:00 UTC,2023-05-04 00:00:00 UTC,4298.194749151547,4341,MOU_MOA,approved,month,month,limited_term
62,Expiry Contract 12,Omnis temporibus aut. Porro voluptatem nesciunt. Repellat itaque sint. Velit dolorum voluptatem. Eum non qui. Voluptatem libero nihil. Similique recusandae laboriosam. Dolores aperiam iste. Cupiditate voluptatem minima. Hic suscipit voluptas. Consequuntur nisi aliquam. Autem rerum voluptatem. Sunt neque eum. Perspiciatis voluptates qui. Ut molestiae sequi.,"[""quis"", ""labore"", ""id""]",#<Entity:0x00007f7c95405dd0>,#<Program:0x00007f7c9541b180>,#<User:0x00007f7c95426698>,#<Vendor:0x00007f7c9543d0c8>,2022-12-29 00:00:00 UTC,2023-05-05 00:00:00 UTC,3615.8826882311273,282,property_lease,in_progress,month,month,upon_completion
63,Expiry Contract 13,Dolores aut asperiores. Dolores ut explicabo. Impedit consequatur ab. Fugit quos beatae. Soluta dolores inventore. Minima est est. Quis unde quia. Commodi id fuga. In quaerat possimus. Et et non. Atque eligendi sint. Ea eveniet natus. Et id consectetur. Et eveniet dolorum. Eligendi neque et.,"[""exercitationem"", ""quia"", ""minus""]",#<Entity:0x00007f7c95431c28>,#<Program:0x00007f7c954ae390>,#<User:0x00007f7c954a7270>,#<Vendor:0x00007f7c954a03d0>,2023-03-27 00:00:00 UTC,2023-05-06 00:00:00 UTC,1649.5389413777746,3849,property_lease,in_progress,month,month,upon_completion
64,Expiry Contract 14,Quos earum assumenda. Ad magnam officiis. Ullam dignissimos quos. Sint deleniti saepe. Enim unde delectus. Veniam rerum molestiae. Eveniet minima possimus. Et ut debitis. Perspiciatis placeat sint. Esse iusto expedita. Tenetur omnis fugiat. Ducimus perferendis vero. Exercitationem quia quos. Minima officiis tempore. Suscipit dicta vero.,"[""quibusdam"", ""explicabo"", ""debitis""]",#<Entity:0x00007f7c954e26e0>,#<Program:0x00007f7c955f5fa0>,#<User:0x00007f7c95686c30>,#<Vendor:0x00007f7c956f5dd8>,2021-10-01 00:00:00 UTC,2023-05-07 00:00:00 UTC,4333.526751845929,466,ILA,approved,month,month,limited_term
65,Expiry Contract 15,Fugit unde necessitatibus. Fugiat quaerat quod. Est velit modi. Deleniti ut nobis. Earum aut minima. Recusandae dolores dignissimos. Asperiores et error. Possimus esse id. Temporibus et labore. Voluptatem itaque laboriosam. Molestiae perspiciatis ut. Omnis consequatur voluptas. Excepturi voluptate aut. Sit natus et. Et sed placeat.,"[""occaecati"", ""vitae"", ""non""]",#<Entity:0x00007f7c9661a3e0>,#<Program:0x00007f7c9669ee38>,#<User:0x00007f7c96696f58>,#<Vendor:0x00007f7c966db720>,2021-09-17 00:00:00 UTC,2023-05-08 00:00:00 UTC,434.51298729547784,1367,ILA,in_progress,month,month,limited_term
66,Expiry Contract 16,Illum eum doloremque. Est blanditiis et. Nam et quam. Modi repellat ad. Enim necessitatibus reiciendis. Provident cumque nam. Quis velit itaque. Corrupti perspiciatis dolores. Et cupiditate nisi. Voluptatem vel est. Deleniti omnis labore. Molestiae beatae sit. Aut consequatur exercitationem. Ut quia aliquid. Iusto quasi rem.,"[""adipisci"", ""mollitia"", ""labore""]",#<Entity:0x00007f7c966d03c0>,#<Program:0x00007f7c966f8028>,#<User:0x00007f7c9671f510>,#<Vendor:0x00007f7c96e70b48>,2021-05-01 00:00:00 UTC,2023-05-09 00:00:00 UTC,3087.5271965992442,390,contract,in_progress,month,month,upon_completion
67,Expiry Contract 17,Quia qui asperiores. Dolorem consectetur voluptatem. Assumenda occaecati possimus. Quas rerum nihil. Est nihil ipsum. Expedita nemo veritatis. Ut voluptatibus quidem. Atque quia quo. Sit dolor officiis. Maiores consequuntur consequatur. Ut ut quia. Eaque voluptas omnis. Quis provident architecto. Itaque et enim. Nihil eaque hic.,"[""illo"", ""deleniti"", ""voluptatum""]",#<Entity:0x00007f7c8ff6e560>,#<Program:0x00007f7c8ff6b0e0>,#<User:0x00007f7c8ff67a80>,#<Vendor:0x00007f7c8ff646a0>,2022-01-18 00:00:00 UTC,2023-05-10 00:00:00 UTC,1623.1270792209575,2016,MOU_MOA,approved,month,month,continuous
68,Expiry Contract 18,Provident iusto optio. Et sint animi. Consequuntur alias rem. Ratione quisquam aspernatur. Praesentium dolor voluptatem. Sint deserunt odio. Voluptatem debitis repellendus. Quia et nesciunt. Hic eum quisquam. Aut voluptates dolorem. Qui sunt et. Rerum ex hic. Et aut ea. Et non inventore. Enim delectus ullam.,"[""voluptatem"", ""porro"", ""quas""]",#<Entity:0x00007f7c8ff60dc0>,#<Program:0x00007f7c952e21d8>,#<User:0x00007f7c9538cb38>,#<Vendor:0x00007f7c95388a38>,2022-05-31 00:00:00 UTC,2023-05-11 00:00:00 UTC,1400.443771005209,3593,grant,approved,month,month,continuous
69,Expiry Contract 19,Voluptatem et vel. Adipisci rem deleniti. Eum ducimus et. Nesciunt inventore aperiam. Voluptatem velit eum. Consectetur iste sit. Temporibus laborum facilis. Est est ut. Harum suscipit et. Est cum qui. Enim beatae perspiciatis. Sapiente error blanditiis. Doloribus libero et. Veritatis fuga qui. Provident nemo suscipit.,"[""voluptas"", ""et"", ""expedita""]",#<Entity:0x00007f7c95382b38>,#<Program:0x00007f7c9544eee0>,#<User:0x00007f7c95447be0>,#<Vendor:0x00007f7c97aa12c8>,2021-07-09 00:00:00 UTC,2023-05-12 00:00:00 UTC,1176.3032517776085,4469,letter_of_intent,in_progress,month,month,limited_term
70,Expiry Contract 20,Dolores odio distinctio. Alias id possimus. Ut ea id. Nostrum quia eos. Nam nemo velit. Odit consequatur sint. Facilis consequatur at. Ad dolor repellat. Iusto impedit tempora. Hic error consectetur. Commodi odit eveniet. Autem labore unde. Qui architecto pariatur. At repellat perspiciatis. Tempora ex veniam.,"[""ullam"", ""porro"", ""ipsa""]",#<Entity:0x00007f7c954493a0>,#<Program:0x00007f7c9545bc30>,#<User:0x00007f7c95454a70>,#<Vendor:0x00007f7c9546fd20>,2021-10-15 00:00:00 UTC,2023-05-13 00:00:00 UTC,4599.047154802102,2243,property_lease,in_progress,month,month,upon_completion
71,Expiry Contract 21,Quis ea voluptatem. Dolore sint omnis. Et dolor expedita. Quia vitae expedita. Earum non quia. Ipsa repellat odio. Voluptatibus totam quaerat. Delectus itaque qui. Quia autem ut. Nemo veniam pariatur. Provident omnis et. Nobis corrupti explicabo. Repellendus et velit. Voluptatem optio dignissimos. Voluptatem quo exercitationem.,"[""et"", ""excepturi"", ""assumenda""]",#<Entity:0x00007f7c9546abe0>,#<Program:0x00007f7c95460960>,#<User:0x00007f7c9538c1d8>,#<Vendor:0x00007f7c95387c78>,2022-11-11 00:00:00 UTC,2023-05-14 00:00:00 UTC,2067.907782669783,3839,ILA,in_progress,month,month,continuous
72,Expiry Contract 22,Sit enim non. Sint at omnis. Nemo dolorem et. Est consequatur id. Sit rerum ipsam. Consequuntur quisquam asperiores. Culpa voluptas non. Ut in animi. Nobis enim error. Sequi cum mollitia. Voluptas inventore ea. Corrupti rem fugit. Facilis voluptate esse. Illum tenetur minus. Voluptatem sit commodi.,"[""maxime"", ""necessitatibus"", ""ut""]",#<Entity:0x00007f7c95382138>,#<Program:0x00007f7c9539e6a8>,#<User:0x00007f7c953960e8>,#<Vendor:0x00007f7c952dfd20>,2021-09-26 00:00:00 UTC,2023-05-15 00:00:00 UTC,3340.329599922686,2385,property_lease,in_progress,month,month,continuous
73,Expiry Contract 23,Illum repudiandae beatae. Similique totam assumenda. Ex porro delectus. Sequi qui illum. Nihil libero aperiam. Aut odio asperiores. Soluta voluptate id. Porro ex maxime. Consectetur voluptates qui. Velit nihil iste. Tenetur dolor blanditiis. Ut natus aut. Qui veritatis voluptas. Quo facilis ratione. Quis qui qui.,"[""voluptatem"", ""odio"", ""minima""]",#<Entity:0x00007f7c952d9880>,#<Program:0x00007f7c952eec58>,#<User:0x00007f7c952fd668>,#<Vendor:0x00007f7c952f76c8>,2021-07-17 00:00:00 UTC,2023-05-16 00:00:00 UTC,4777.315634432571,4467,property_lease,approved,month,month,continuous
74,Expiry Contract 24,Id iusto quaerat. Non voluptatum enim. Non repudiandae assumenda. Ipsum autem deleniti. Qui enim sed. Perferendis fugit quia. Numquam aspernatur optio. Amet qui repudiandae. Ut et quis. Ipsam consequatur facere. Inventore nihil numquam. A eius qui. Voluptatem iusto incidunt. Perferendis magnam recusandae. Rerum et saepe.,"[""ea"", ""ipsum"", ""voluptatem""]",#<Entity:0x00007f7c9530f340>,#<Program:0x00007f7c95308ea0>,#<User:0x00007f7c95304a80>,#<Vendor:0x00007f7c8ff4f0c0>,2022-02-18 00:00:00 UTC,2023-05-17 00:00:00 UTC,1869.1780478141864,2961,property_lease,in_progress,month,month,continuous
75,Expiry Contract 25,Pariatur totam inventore. Et aut omnis. Laudantium voluptas possimus. Ad eum adipisci. Voluptates ad quis. Quam earum maxime. Molestiae ut est. Voluptatem adipisci eum. Omnis sequi vel. Aut illo asperiores. Officia debitis id. Veritatis aliquid et. Alias quia sunt. Omnis et aut. Qui omnis dolorem.,"[""eos"", ""perferendis"", ""dolorem""]",#<Entity:0x00007f7c8ff4b6a0>,#<Program:0x00007f7c8ff48180>,#<User:0x00007f7c8ff44a80>,#<Vendor:0x00007f7c8ff41600>,2022-12-25 00:00:00 UTC,2023-05-18 00:00:00 UTC,843.0679611428938,3558,property_lease,in_progress,month,month,limited_term
76,Expiry Contract 26,Consequatur at itaque. Facere architecto error. Alias qui reprehenderit. Dolores aliquam sit. Reprehenderit est quia. Nulla consectetur voluptas. Natus eos sit. Vero qui libero. Ipsam labore ut. Dolores et corporis. Aperiam nisi excepturi. Perferendis explicabo quo. Dignissimos velit ut. Neque sunt deserunt. Voluptate excepturi quidem.,"[""quaerat"", ""voluptatem"", ""ducimus""]",#<Entity:0x00007f7c8fe9dc08>,#<Program:0x00007f7c8fe9a6e8>,#<User:0x00007f7c8fe96ea8>,#<Vendor:0x00007f7c8fe93a28>,2023-02-23 00:00:00 UTC,2023-05-19 00:00:00 UTC,4803.877118708283,4064,MOU_MOA,approved,month,month,upon_completion
77,Expiry Contract 27,Non illum debitis. Et sit aut. Debitis animi occaecati. Quo quibusdam ab. Laudantium neque quam. Quibusdam rerum in. Ea neque doloribus. Facilis soluta nulla. Sit id numquam. Quisquam dolores perferendis. Nisi vel amet. Harum distinctio quam. Dolorem ut quibusdam. Voluptas minus ducimus. Exercitationem beatae voluptate.,"[""ut"", ""hic"", ""iste""]",#<Entity:0x00007f7c8fe900a8>,#<Program:0x00007f7c8febcb30>,#<User:0x00007f7c8feb9430>,#<Vendor:0x00007f7c8feb5f10>,2022-10-28 00:00:00 UTC,2023-05-20 00:00:00 UTC,1719.7652411756178,1982,property_lease,approved,month,month,upon_completion
78,Expiry Contract 28,Voluptate hic ratione. Voluptates doloribus laudantium. In cumque cum. Sunt esse aliquid. Debitis aspernatur perferendis. Voluptatum quis harum. Recusandae reprehenderit adipisci. Delectus rerum omnis. Velit non laudantium. Non nesciunt doloribus. Perspiciatis architecto aut. Exercitationem laudantium est. Illum earum sunt. Quae unde quaerat. Esse laborum consequuntur.,"[""rerum"", ""nesciunt"", ""libero""]",#<Entity:0x00007f7c8feb2630>,#<Program:0x00007f7c8fedf0b8>,#<User:0x00007f7c8fedb918>,#<Vendor:0x00007f7c8fed8498>,2021-08-08 00:00:00 UTC,2023-05-21 00:00:00 UTC,3167.996901035093,2054,MOU_MOA,in_progress,month,month,limited_term
79,Expiry Contract 29,Ipsam maiores omnis. Aspernatur voluptas sequi. Voluptatum in aliquid. Asperiores repellendus qui. Qui aut dolorum. Autem harum iure. Nemo et corrupti. Rerum et quam. Quo nostrum quas. Molestiae rerum similique. Mollitia aspernatur maiores. Est voluptatem voluptatum. Ut ipsa inventore. Modi voluptas excepturi. Ut dicta molestias.,"[""est"", ""ipsam"", ""eaque""]",#<Entity:0x00007f7c8fed4a78>,#<Program:0x00007f7c8fed1558>,#<User:0x00007f7c8fefdd60>,#<Vendor:0x00007f7c8fefa8e0>,2021-07-02 00:00:00 UTC,2023-05-22 00:00:00 UTC,2626.948425515187,4028,property_lease,in_progress,month,month,upon_completion
80,Expiry Contract 30,Et doloribus id. Similique sint culpa. Molestias non incidunt. Et nisi fugit. Sit qui incidunt. Non est dolorem. Saepe sunt impedit. Harum sequi voluptate. Eaque unde quam. Vel mollitia rerum. Sit porro nulla. Commodi vel odit. Id ut modi. Et sit eos. Aut accusantium occaecati.,"[""rerum"", ""id"", ""mollitia""]",#<Entity:0x00007f7c8fef7000>,#<Program:0x00007f7c8fef3ae0>,#<User:0x00007f7c8fef0340>,#<Vendor:0x00007f7c8ff6ce40>,2021-10-03 00:00:00 UTC,2023-05-23 00:00:00 UTC,1982.63835892773,4622,contract,in_progress,month,month,upon_completion
81,Expiry Contract 31,Quisquam esse blanditiis. Expedita qui illo. Laboriosam accusantium et. Iste maiores et. Sint inventore natus. Debitis provident vitae. Necessitatibus est rerum. Temporibus eum labore. Nisi unde velit. Sapiente et optio. Consectetur nobis quibusdam. Expedita sapiente blanditiis. Laboriosam quis quod. Nemo suscipit qui. Ea voluptatem voluptatibus.,"[""est"", ""accusamus"", ""architecto""]",#<Entity:0x00007f7c8ff69380>,#<Program:0x00007f7c8ff65f00>,#<User:0x00007f7c8ff62800>,#<Vendor:0x00007f7c8ff8f1e8>,2021-09-30 00:00:00 UTC,2023-05-24 00:00:00 UTC,3756.495360766546,3410,property_lease,in_progress,month,month,limited_term
82,Expiry Contract 32,Occaecati laborum aut. Doloremque eos qui. Excepturi ut impedit. Explicabo unde cum. Vel dolore fuga. Itaque sapiente ipsum. Dolores aut maiores. Inventore perspiciatis quaerat. Possimus quae architecto. Est ipsam voluptates. Natus eius illum. Accusantium soluta eos. Non dolores beatae. Consequatur qui dolorem. Dolorem similique enim.,"[""at"", ""aut"", ""ut""]",#<Entity:0x00007f7c8ff8b868>,#<Program:0x00007f7c8ff882a8>,#<User:0x00007f7c8ff84ba8>,#<Vendor:0x00007f7c8ff81728>,2023-01-21 00:00:00 UTC,2023-05-25 00:00:00 UTC,1963.0412164746353,1958,grant,in_progress,month,month,continuous
83,Expiry Contract 33,Eius ullam et. Sunt at praesentium. Qui assumenda labore. Minima sunt non. Eveniet sit amet. Quam sed facere. Dolor consequatur mollitia. Blanditiis aliquam aut. Possimus iure sit. Et consequuntur est. Laborum placeat est. Enim quisquam molestias. Dolorem velit laborum. Praesentium ducimus perspiciatis. Labore enim expedita.,"[""aut"", ""natus"", ""eius""]",#<Entity:0x00007f7c8ffaddf0>,#<Program:0x00007f7c8ffaa8d0>,#<User:0x00007f7c8ffa71d0>,#<Vendor:0x00007f7c8ffa3cb0>,2021-08-05 00:00:00 UTC,2023-05-26 00:00:00 UTC,3599.5831450614733,2189,ILA,in_progress,month,month,continuous
84,Expiry Contract 34,Quo earum autem. Quis non perspiciatis. Amet consequatur sint. Animi deleniti quaerat. Aut animi dolorum. Magni modi impedit. Perferendis et sit. Aut iste autem. Neque saepe unde. Ut quo voluptatem. Et voluptas quisquam. Consequuntur ut eos. Alias aut repellendus. Aliquam esse ut. Eaque quia voluptatum.,"[""harum"", ""vitae"", ""numquam""]",#<Entity:0x00007f7c8ffa03d0>,#<Program:0x00007f7c9520e388>,#<User:0x00007f7c95228a30>,#<Vendor:0x00007f7c95259428>,2023-03-24 00:00:00 UTC,2023-05-27 00:00:00 UTC,3815.5692486867765,4492,MOU_MOA,in_progress,month,month,upon_completion
85,Expiry Contract 35,Voluptatem voluptatem vero. Id laboriosam nesciunt. Sunt in provident. Est in sed. Ut itaque et. Ratione at aut. Recusandae in quia. Dignissimos odit harum. Aut quibusdam sequi. Fugit quam dolorem. Voluptatem deleniti ut. Corrupti et nostrum. Ex ut soluta. A labore doloribus. Et non deleniti.,"[""qui"", ""occaecati"", ""vel""]",#<Entity:0x00007f7c9528a0a0>,#<Program:0x00007f7c9529d8f8>,#<User:0x00007f7c952aa468>,#<Vendor:0x00007f7c952a38e8>,2023-02-24 00:00:00 UTC,2023-05-28 00:00:00 UTC,702.32573465448,2831,letter_of_intent,approved,month,month,limited_term
86,Expiry Contract 36,Nostrum deserunt ut. Consectetur a quae. Quia facere voluptatum. Qui ipsam sequi. Asperiores in sint. A in inventore. Rerum accusantium porro. Dolorem placeat ratione. Voluptas quia qui. Repellendus fugit ratione. Quaerat et rem. Totam eum similique. Omnis esse id. Itaque error sint. Quisquam ratione vero.,"[""magnam"", ""voluptas"", ""non""]",#<Entity:0x00007f7c952be120>,#<Program:0x00007f7c952b64c0>,#<User:0x00007f7c9531f510>,#<Vendor:0x00007f7c9531a010>,2022-02-07 00:00:00 UTC,2023-05-29 00:00:00 UTC,2683.9964008475126,2515,contract,in_progress,month,month,limited_term
87,Expiry Contract 37,Ut sequi velit. Eligendi qui deserunt. Repudiandae dolor laborum. Adipisci sint dolorum. Et eius dolores. Occaecati laudantium dignissimos. Eos ipsa ex. Dolores quis necessitatibus. Ipsa impedit totam. Accusamus sunt omnis. Facere quis doloremque. Velit voluptas quam. Mollitia sit rerum. Rerum est ex. Quidem illo possimus.,"[""in"", ""ipsa"", ""nam""]",#<Entity:0x00007f7c95311e10>,#<Program:0x00007f7c95325aa0>,#<User:0x00007f7c95321540>,#<Vendor:0x00007f7c9533d498>,2023-01-10 00:00:00 UTC,2023-05-30 00:00:00 UTC,1907.6539893848624,3858,ILA,approved,month,month,continuous
88,Expiry Contract 38,Quia voluptas et. Saepe dicta rerum. Quisquam error nostrum. Consequatur tempora et. Consequatur odio minus. Neque molestiae maxime. Ipsa dolores ullam. Hic debitis aliquam. Iste voluptatum odit. Velit minus ipsa. Est et laborum. Consectetur hic quod. Ratione qui animi. Temporibus iusto sit. Totam pariatur ut.,"[""quia"", ""est"", ""et""]",#<Entity:0x00007f7c95339898>,#<Program:0x00007f7c953360f8>,#<User:0x00007f7c953326d8>,#<Vendor:0x00007f7c9534da28>,2021-11-03 00:00:00 UTC,2023-05-31 00:00:00 UTC,2453.398137295389,1480,ILA,approved,month,month,upon_completion
89,Expiry Contract 39,Deleniti ad et. Atque tempore modi. Accusamus nisi in. Quasi dignissimos ex. Eum eos voluptatem. Fugit ipsam debitis. Quia deserunt ipsam. Adipisci libero aut. Veniam porro molestiae. Fugiat dignissimos exercitationem. Dignissimos qui dolore. Reprehenderit modi dolor. Sit voluptas deserunt. Eos error itaque. Sit eos laborum.,"[""quia"", ""eligendi"", ""quos""]",#<Entity:0x00007f7c953446a8>,#<Program:0x00007f7c9535ebc0>,#<User:0x00007f7c9535b4c0>,#<Vendor:0x00007f7c95357dc0>,2022-07-22 00:00:00 UTC,2023-06-01 00:00:00 UTC,1397.0109739998875,1813,ILA,in_progress,month,month,upon_completion
90,Expiry Contract 40,Adipisci vero ducimus. Soluta aliquam itaque. Sequi placeat modi. Et voluptates aut. Molestiae necessitatibus eos. Placeat eos minus. In dolore fuga. Sit incidunt eaque. In repudiandae voluptas. Soluta corporis necessitatibus. Odio debitis error. Error doloremque quia. Possimus doloremque commodi. Reiciendis consequatur similique. Sunt rerum optio.,"[""voluptatem"", ""aut"", ""vel""]",#<Entity:0x00007f7c95354080>,#<Program:0x00007f7c95350a20>,#<User:0x00007f7c9536b2d0>,#<Vendor:0x00007f7c95363170>,2021-11-06 00:00:00 UTC,2023-06-02 00:00:00 UTC,2753.4545268281545,4075,grant,in_progress,month,month,upon_completion
91,Expiry Contract 41,Nulla earum cupiditate. Autem eligendi aperiam. Distinctio rerum officia. Qui sit libero. Unde atque optio. Est culpa ut. Est quia error. Dolore rerum distinctio. Suscipit molestiae omnis. Quos reprehenderit numquam. Sit blanditiis nesciunt. Laudantium repellendus odit. Eum nisi repudiandae. Et inventore aut. Aut saepe rem.,"[""modi"", ""esse"", ""quo""]",#<Entity:0x00007f7c953ad680>,#<Program:0x00007f7c953a8720>,#<User:0x00007f7c953a17e0>,#<Vendor:0x00007f7c953be2f0>,2022-01-20 00:00:00 UTC,2023-06-03 00:00:00 UTC,4743.039846660362,340,ILA,approved,month,month,limited_term
92,Expiry Contract 42,Dolor voluptates sed. Enim id consequatur. Aut repellendus autem. Quos dolorum id. Commodi aut libero. Voluptatem qui ut. Repellendus aut ut. Quibusdam voluptatibus voluptatem. Eos sit qui. Sapiente voluptatum perspiciatis. Dolorum fuga ut. Cupiditate dignissimos blanditiis. Qui beatae totam. Occaecati assumenda consectetur. Autem est iure.,"[""iusto"", ""aliquid"", ""hic""]",#<Entity:0x00007f7c953b58d0>,#<Program:0x00007f7c953ce4c0>,#<User:0x00007f7c953c5d20>,#<Vendor:0x00007f7c953c0f00>,2023-04-04 00:00:00 UTC,2023-06-04 00:00:00 UTC,3076.1885733156314,4414,letter_of_intent,approved,month,month,limited_term
93,Expiry Contract 43,Commodi quisquam quis. Sed aut et. Eum occaecati dolorem. Earum qui nemo. Fugiat sit ratione. Atque ipsam alias. Molestias voluptatem dolorem. Cum nihil quibusdam. Eligendi et similique. Veritatis laudantium assumenda. Et fugiat molestias. Nihil iste cumque. Odit voluptas eligendi. Labore iste quisquam. Aut temporibus quidem.,"[""accusamus"", ""aut"", ""dolor""]",#<Entity:0x00007f7c953db698>,#<Program:0x00007f7c953d64b8>,#<User:0x00007f7c953ef288>,#<Vendor:0x00007f7c953e80c8>,2021-08-11 00:00:00 UTC,2023-06-05 00:00:00 UTC,2721.094441757222,1816,ILA,approved,month,month,limited_term
94,Expiry Contract 44,Facere a quia. Rem voluptate facere. Molestiae sequi iste. Adipisci ex voluptas. Est sunt voluptatem. Qui itaque repellat. Et est totam. Sequi vel provident. Ducimus aut voluptatum. Id est voluptatem. Omnis natus sit. Iure in temporibus. Id culpa repellat. Adipisci molestiae autem. Nulla harum consequatur.,"[""quisquam"", ""voluptatibus"", ""repellat""]",#<Entity:0x00007f7c953ffde0>,#<Program:0x00007f7c953fc460>,#<User:0x00007f7c953f8540>,#<Vendor:0x00007f7c953f4c60>,2021-12-30 00:00:00 UTC,2023-06-06 00:00:00 UTC,946.9763546016839,3668,letter_of_intent,approved,month,month,upon_completion
95,Expiry Contract 45,Blanditiis tempore ratione. Voluptas rem provident. Et quo doloremque. Suscipit corrupti consequatur. Expedita consequatur alias. Itaque dicta explicabo. Aut excepturi possimus. Possimus modi occaecati. Dolore esse quod. Deleniti aut ullam. Omnis fuga dolor. Quia quae perspiciatis. Corporis deleniti unde. Iure consequatur minus. Voluptates porro consequatur.,"[""ad"", ""fugit"", ""soluta""]",#<Entity:0x00007f7c953f0ac0>,#<Program:0x00007f7c9540bcd0>,#<User:0x00007f7c95405ab0>,#<Vendor:0x00007f7c95419ec0>,2021-10-01 00:00:00 UTC,2023-06-07 00:00:00 UTC,2513.1643993613975,499,ILA,approved,month,month,continuous
96,Expiry Contract 46,Quia aliquid odio. Accusantium aut amet. Minima nulla est. Voluptate sit accusantium. Quia ipsam ipsa. Ratione voluptas non. Consequatur quia omnis. Nisi modi vel. Quo officia doloremque. Est et consequatur. Nesciunt quasi provident. Et sit veniam. Et eos aperiam. Animi dolor ut. Fugiat totam molestiae.,"[""unde"", ""perferendis"", ""cumque""]",#<Entity:0x00007f7c95425bf8>,#<Program:0x00007f7c9547e118>,#<User:0x00007f7c9547a8d8>,#<Vendor:0x00007f7c95476ff8>,2021-12-02 00:00:00 UTC,2023-06-08 00:00:00 UTC,4558.035031859787,1654,contract,in_progress,month,month,limited_term
97,Expiry Contract 47,Sint fuga occaecati. Molestiae aut unde. Vel dolore mollitia. Et nihil mollitia. Ea dicta voluptatem. Quas delectus eveniet. Voluptatibus et at. Labore velit ratione. Optio ratione nobis. Placeat sunt eum. Sint ea eius. Rerum nihil sunt. Voluptatem sint blanditiis. Voluptatem dolorem consequuntur. Sed repudiandae facilis.,"[""aut"", ""sit"", ""sit""]",#<Entity:0x00007f7c95473218>,#<Program:0x00007f7c95483028>,#<User:0x00007f7c954aafb0>,#<Vendor:0x00007f7c954a37b0>,2022-09-01 00:00:00 UTC,2023-06-09 00:00:00 UTC,2716.1769160623103,2850,grant,in_progress,month,month,upon_completion
98,Expiry Contract 48,Sint tenetur molestiae. Enim doloribus alias. Eos mollitia tenetur. Illo consequatur repellat. Esse eos voluptas. Ipsum a porro. Iste est placeat. Ut non fugit. Iusto expedita asperiores. Harum et molestiae. Beatae amet sed. Sapiente possimus enim. Ab in omnis. Qui corrupti maiores. Beatae vel culpa.,"[""sit"", ""sit"", ""dolorum""]",#<Entity:0x00007f7c954e9760>,#<Program:0x00007f7c954e05c0>,#<User:0x00007f7c9568d2b0>,#<Vendor:0x00007f7c956ffb58>,2022-05-24 00:00:00 UTC,2023-06-10 00:00:00 UTC,4487.461833316247,2701,MOU_MOA,in_progress,month,month,upon_completion
99,Expiry Contract 49,Occaecati veritatis molestias. Eos ipsam saepe. Perferendis ex nisi. Nam rerum doloribus. Eius incidunt distinctio. Vel culpa repellat. Nostrum sint repudiandae. Et quia error. Eum nostrum saepe. Provident dolor consequatur. Dolorum enim quibusdam. Et alias pariatur. Rem nobis molestiae. Amet iure nisi. Eos autem at.,"[""dolores"", ""sed"", ""aut""]",#<Entity:0x00007f7c956f1198>,#<Program:0x00007f7c96614260>,#<User:0x00007f7c9669a478>,#<Vendor:0x00007f7c96690ab8>,2022-09-29 00:00:00 UTC,2023-06-11 00:00:00 UTC,1677.7467000021745,3248,property_lease,approved,month,month,continuous
100,Expiry Contract 50,Sit autem perspiciatis. Temporibus iste dicta. Ut exercitationem est. Eum vero molestiae. Et ex dolor. Cumque harum asperiores. Temporibus ex voluptatem. Corrupti cupiditate similique. Nemo natus laboriosam. Fugit accusantium nam. Totam ut eum. Laborum et occaecati. Accusamus et ipsum. Cum dolore molestiae. Enim explicabo fugit.,"[""dolores"", ""non"", ""deleniti""]",#<Entity:0x00007f7c966d5280>,#<Program:0x00007f7c966fb2c8>,#<User:0x00007f7c966f3b68>,#<Vendor:0x00007f7c96717e50>,2021-06-09 00:00:00 UTC,2023-06-12 00:00:00 UTC,625.5299778513228,3319,ILA,in_progress,month,month,continuous
101,Expiry Contract 51,Vitae delectus aperiam. Ut odit quod. Dignissimos labore numquam. Porro et quas. Non non commodi. Sed est quia. Omnis a voluptas. Hic repudiandae dignissimos. Doloremque explicabo sint. Laboriosam enim dolores. Quo voluptas in. Fuga dolorem asperiores. Nihil minus numquam. Ut velit modi. Provident quia quam.,"[""provident"", ""quo"", ""nulla""]",#<Entity:0x00007f7c8ff2fbf8>,#<Program:0x00007f7c8ff2c778>,#<User:0x00007f7c8ff29078>,#<Vendor:0x00007f7c8ff25b58>,2021-04-28 00:00:00 UTC,2023-06-13 00:00:00 UTC,2722.612417592551,1792,contract,in_progress,month,month,continuous
102,Expiry Contract 52,Et veniam nobis. Ut voluptas excepturi. Dolor voluptates voluptatem. Omnis maxime aut. Incidunt doloremque cumque. Voluptas rerum iusto. Sit molestias in. Eaque sit aspernatur. Doloremque rerum et. Iure assumenda quia. Cum consequatur odit. Quia iusto omnis. Et quam cumque. Architecto tempora ipsum. Provident assumenda molestiae.,"[""porro"", ""distinctio"", ""aperiam""]",#<Entity:0x00007f7c8ff22138>,#<Program:0x00007f7c952ce570>,#<User:0x00007f7c952caab0>,#<Vendor:0x00007f7c952c7590>,2022-01-01 00:00:00 UTC,2023-06-14 00:00:00 UTC,4210.158231127235,606,property_lease,in_progress,month,month,limited_term
103,Expiry Contract 53,Labore unde eligendi. Aut cumque odio. Excepturi vitae non. Non ut natus. Voluptas consequatur repudiandae. Voluptatem nihil soluta. Velit sint officiis. Hic ducimus impedit. Earum ullam a. Perspiciatis iure ut. Non ab maxime. Voluptate deserunt omnis. Qui qui non. Quisquam voluptas minima. Illum et consequuntur.,"[""eos"", ""iure"", ""dolores""]",#<Entity:0x00007f7c952c32b0>,#<Program:0x00007f7c9537c300>,#<User:0x00007f7c95372d00>,#<Vendor:0x00007f7c9543b868>,2022-08-23 00:00:00 UTC,2023-06-15 00:00:00 UTC,2710.9250390316392,3607,MOU_MOA,in_progress,month,month,continuous
104,Expiry Contract 54,Quod eos iste. Labore tempore sint. Hic consequatur quia. Veritatis voluptate nulla. Ad quia non. Voluptates numquam quam. Distinctio dolorum fugiat. Consequatur possimus cum. Non quod praesentium. Laudantium et consequatur. Rerum qui ex. Voluptas totam cum. Laboriosam consequatur fuga. Tempore est quis. Voluptatibus ea voluptatem.,"[""assumenda"", ""dolor"", ""et""]",#<Entity:0x00007f7c97aa4e28>,#<Program:0x00007f7c9544a160>,#<User:0x00007f7c95441880>,#<Vendor:0x00007f7c95459c50>,2021-11-21 00:00:00 UTC,2023-06-16 00:00:00 UTC,2355.925954003449,2365,contract,in_progress,month,month,continuous
105,Expiry Contract 55,Facilis culpa quis. Veritatis occaecati quia. Eveniet nulla aut. Placeat dolorum qui. Doloribus aut quidem. Suscipit placeat velit. Earum molestiae aspernatur. Eligendi excepturi dignissimos. Et nesciunt suscipit. Soluta dolor architecto. Amet odio aut. Rem aut sunt. Et quisquam dolores. Ut ut dolor. Doloremque minima quis.,"[""commodi"", ""consequatur"", ""rerum""]",#<Entity:0x00007f7c95452e50>,#<Program:0x00007f7c9546cf80>,#<User:0x00007f7c95469600>,#<Vendor:0x00007f7c9538ec58>,2022-01-18 00:00:00 UTC,2023-06-17 00:00:00 UTC,445.9413268020136,3104,MOU_MOA,in_progress,month,month,limited_term
106,Expiry Contract 56,Laboriosam autem dicta. Aut aut dolores. In quia ducimus. Ea dolores est. Ut vel repudiandae. Iure expedita facilis. Reprehenderit hic placeat. Quasi inventore quae. Sed mollitia quis. Et quia atque. Vel vero aperiam. Aperiam voluptatem asperiores. Ad illo quos. Delectus est id. Et odio iure.,"[""praesentium"", ""quia"", ""aliquid""]",#<Entity:0x00007f7c9538a338>,#<Program:0x00007f7c953850b8>,#<User:0x00007f7c95380978>,#<Vendor:0x00007f7c9539bd68>,2021-08-02 00:00:00 UTC,2023-06-18 00:00:00 UTC,2594.1082553276847,3585,MOU_MOA,approved,month,month,upon_completion
107,Expiry Contract 57,Porro et et. Sunt velit voluptatem. Quia eaque optio. Beatae recusandae ullam. Cum sed omnis. In aut voluptatem. Occaecati dolores et. Sunt rerum quae. Ducimus cupiditate dolores. Inventore necessitatibus illum. Quia voluptatem voluptatum. Rem quisquam est. Ut vel quo. Ut et architecto. Esse ut rem.,"[""cupiditate"", ""officia"", ""rerum""]",#<Entity:0x00007f7c95392308>,#<Program:0x00007f7c952dc940>,#<User:0x00007f7c952d5460>,#<Vendor:0x00007f7c952e2958>,2022-05-05 00:00:00 UTC,2023-06-19 00:00:00 UTC,3249.083056182776,3446,ILA,in_progress,month,month,limited_term
108,Expiry Contract 58,Qui iusto rerum. Ipsum qui consequatur. Fugiat quas nostrum. Ipsam iusto voluptas. Voluptatem praesentium beatae. Ut at quo. Unde harum ducimus. Quos temporibus in. Quibusdam odit est. Id et qui. Quibusdam odit aut. Eveniet repellendus ad. Sed explicabo architecto. Necessitatibus tempora cupiditate. Et enim voluptates.,"[""consequatur"", ""eum"", ""impedit""]",#<Entity:0x00007f7c952fa788>,#<Program:0x00007f7c952f24e8>,#<User:0x00007f7c9530afc0>,#<Vendor:0x00007f7c95306420>,2021-12-28 00:00:00 UTC,2023-06-20 00:00:00 UTC,3441.7489437816707,4671,letter_of_intent,approved,month,month,upon_completion
109,Expiry Contract 59,Rem ab commodi. Id fugiat minima. Repellat eos error. Qui unde iusto. Tenetur repudiandae ab. Porro cupiditate qui. Autem libero voluptate. Qui unde explicabo. Aut omnis beatae. Repellendus ea voluptatibus. Enim ut unde. Suscipit facilis ullam. Ipsam temporibus quos. Minima ut qui. Labore ullam qui.,"[""blanditiis"", ""eos"", ""dolor""]",#<Entity:0x00007f7c95300340>,#<Program:0x00007f7c8ff4cbe0>,#<User:0x00007f7c8ff493a0>,#<Vendor:0x00007f7c8ff45de0>,2022-12-08 00:00:00 UTC,2023-06-21 00:00:00 UTC,2181.483402530085,4711,grant,in_progress,month,month,continuous
110,Expiry Contract 60,Sint inventore quia. Ut ut sed. Itaque earum libero. Dolore delectus voluptatum. Et in dolorum. In repellat unde. Dolorem consequatur sed. Dignissimos optio voluptas. Quae laboriosam amet. Iste ea vel. Eaque rerum blanditiis. Ut consequatur cupiditate. Iusto illum quos. Quae reprehenderit ipsum. Ab quos sint.,"[""perspiciatis"", ""sed"", ""eligendi""]",#<Entity:0x00007f7c8ff423c0>,#<Program:0x00007f7c8fe9ee28>,#<User:0x00007f7c8fe9b5e8>,#<Vendor:0x00007f7c8fe97f88>,2022-11-06 00:00:00 UTC,2023-06-22 00:00:00 UTC,1784.3030904026195,2212,grant,in_progress,month,month,continuous
111,Expiry Contract 61,Excepturi qui vitae. Cum voluptas quas. Aliquam et qui. Cupiditate dolorem sapiente. Quae quo dicta. Sit voluptatem incidunt. Repellat cum omnis. Esse reiciendis eveniet. Nisi fugit assumenda. Aspernatur eos est. Eos perferendis ad. Aut consequatur incidunt. Natus illum exercitationem. Vitae doloribus culpa. Ea consequatur sit.,"[""expedita"", ""molestiae"", ""mollitia""]",#<Entity:0x00007f7c8fe94568>,#<Program:0x00007f7c8fe910e8>,#<User:0x00007f7c8febd850>,#<Vendor:0x00007f7c8feba1f0>,2023-03-20 00:00:00 UTC,2023-06-23 00:00:00 UTC,467.74594314565456,2821,contract,in_progress,month,month,continuous
112,Expiry Contract 62,Ut autem quia. Neque corrupti officia. Quasi ab dignissimos. Sit quam quis. Laudantium adipisci nulla. Rem totam ea. Alias saepe neque. Dolor ratione ut. Ut suscipit architecto. Sapiente necessitatibus delectus. Et enim est. Ad qui quos. Ipsam nulla quia. Ullam ut aut. Sint dolorem nihil.,"[""et"", ""velit"", ""ab""]",#<Entity:0x00007f7c8feb6690>,#<Program:0x00007f7c8feb3210>,#<User:0x00007f7c8fedf978>,#<Vendor:0x00007f7c8fedc318>,2021-08-31 00:00:00 UTC,2023-06-24 00:00:00 UTC,2081.79442353052,3871,ILA,in_progress,month,month,continuous
113,Expiry Contract 63,Vel quasi dolores. Tenetur quo sint. Libero voluptatem id. Autem voluptatibus tempore. Veniam est perspiciatis. Velit quo nisi. Est asperiores reiciendis. Non enim cupiditate. Omnis perspiciatis sed. Asperiores molestiae quidem. Enim consequatur sunt. Ut at doloribus. Consectetur animi dolorem. Dignissimos animi quibusdam. Accusamus quam reiciendis.,"[""ex"", ""rem"", ""adipisci""]",#<Entity:0x00007f7c8fed8998>,#<Program:0x00007f7c8fed5478>,#<User:0x00007f7c8fed1b98>,#<Vendor:0x00007f7c8fefe440>,2022-05-19 00:00:00 UTC,2023-06-25 00:00:00 UTC,3507.897889150857,3575,letter_of_intent,approved,month,month,upon_completion
114,Expiry Contract 64,Vel vitae dicta. Labore quos consectetur. Eveniet magnam est. Officiis et ducimus. Blanditiis molestiae at. Animi distinctio perferendis. Soluta alias qui. Aut magnam hic. Aut quos consequatur. Animi consequuntur accusantium. Quis sed consequuntur. Corporis ut velit. Deleniti ea neque. Nulla eum officia. Fugiat iste sit.,"[""quis"", ""aperiam"", ""quasi""]",#<Entity:0x00007f7c8fefaac0>,#<Program:0x00007f7c8fef75a0>,#<User:0x00007f7c8fef3d60>,#<Vendor:0x00007f7c8fef0700>,2022-10-14 00:00:00 UTC,2023-06-26 00:00:00 UTC,3725.234620644123,2834,grant,approved,month,month,limited_term
115,Expiry Contract 65,Vel rem voluptate. Repellendus voluptatem impedit. Voluptas molestiae dicta. Voluptatem aspernatur iste. Inventore mollitia animi. In nostrum libero. Ipsam eaque et. Aliquam repellendus officiis. Nihil non voluptates. Rerum quis ut. Quia qui omnis. Rerum saepe molestiae. Rerum odio dolorum. Laboriosam natus accusantium. Sunt dolorum nisi.,"[""officiis"", ""laborum"", ""exercitationem""]",#<Entity:0x00007f7c8ff6cbc0>,#<Program:0x00007f7c8ff69600>,#<User:0x00007f7c8ff65dc0>,#<Vendor:0x00007f7c8ff628a0>,2023-02-22 00:00:00 UTC,2023-06-27 00:00:00 UTC,4891.474805981424,4744,property_lease,approved,month,month,continuous
116,Expiry Contract 66,Ut voluptatem est. Ut distinctio dolores. Culpa consequuntur sed. Omnis officiis omnis. Repellendus tempora mollitia. Soluta fugit possimus. Vitae et eum. Debitis et atque. Est eius tempore. Aut ipsam facere. Officia quo cupiditate. Et illo quae. Atque qui tempora. Ut assumenda ut. Qui amet officia.,"[""enim"", ""ea"", ""quisquam""]",#<Entity:0x00007f7c8ff8ec48>,#<Program:0x00007f7c8ff8b728>,#<User:0x00007f7c8ff87e48>,#<Vendor:0x00007f7c8ff84888>,2021-08-24 00:00:00 UTC,2023-06-28 00:00:00 UTC,3248.863377005815,1075,contract,approved,month,month,limited_term
117,Expiry Contract 67,Sequi et aut. Et illo mollitia. Sint necessitatibus voluptatem. Ut illo sequi. Ut doloremque suscipit. Voluptas explicabo est. Dolor quod voluptatem. Totam aliquam ipsam. Provident dolores ipsum. Ut mollitia eligendi. Non ut asperiores. Aut modi possimus. Dolor explicabo id. Ab ut quibusdam. Explicabo consequatur qui.,"[""ad"", ""asperiores"", ""dolorem""]",#<Entity:0x00007f7c8ff80e68>,#<Program:0x00007f7c8ffad8f0>,#<User:0x00007f7c8ffaa010>,#<Vendor:0x00007f7c8ffa6af0>,2022-03-18 00:00:00 UTC,2023-06-29 00:00:00 UTC,4026.854695938508,693,ILA,in_progress,month,month,limited_term
118,Expiry Contract 68,Amet laudantium est. Consectetur dolorem maiores. Est maxime alias. Ut et ex. Dolorum nemo commodi. Sit quia magnam. Modi laudantium provident. Consequuntur eaque exercitationem. Reiciendis aut deserunt. Saepe tempora consectetur. Voluptatibus suscipit ullam. Vel quasi reiciendis. Quam nam ab. Officiis rerum alias. Eum est nihil.,"[""et"", ""sed"", ""eligendi""]",#<Entity:0x00007f7c8ffa3030>,#<Program:0x00007f7c951b6908>,#<User:0x00007f7c9520bd68>,#<Vendor:0x00007f7c95221910>,2023-01-04 00:00:00 UTC,2023-06-30 00:00:00 UTC,4131.814282422851,3840,letter_of_intent,in_progress,month,month,upon_completion
119,Expiry Contract 69,Iusto quae laudantium. Omnis aut illum. Magnam sit similique. Eveniet fuga est. Quos id ea. Numquam explicabo fugiat. Quidem pariatur omnis. Ipsa quidem omnis. Sed possimus eius. Explicabo amet reiciendis. Qui illo aut. Amet quas cumque. Maiores totam sint. Rerum dolore mollitia. Est et sequi.,"[""nobis"", ""optio"", ""a""]",#<Entity:0x00007f7c952558c8>,#<Program:0x00007f7c95288480>,#<User:0x00007f7c95292778>,#<Vendor:0x00007f7c952a8ca8>,2021-05-15 00:00:00 UTC,2023-07-01 00:00:00 UTC,722.2179036730545,4749,ILA,approved,month,month,upon_completion
120,Expiry Contract 70,Eius ipsa aut. Modi quaerat veritatis. Rerum nesciunt nisi. Quae est occaecati. Sint labore ea. Et aut nihil. Quos velit est. Deleniti non quidem. Occaecati autem suscipit. Nam qui ut. Mollitia aut fuga. Aspernatur placeat odit. Porro quod commodi. Quisquam officiis vel. Rerum dolor sit.,"[""aperiam"", ""animi"", ""quod""]",#<Entity:0x00007f7c952a1e08>,#<Program:0x00007f7c952bc3c0>,#<User:0x00007f7c952b3720>,#<Vendor:0x00007f7c9531d990>,2023-02-08 00:00:00 UTC,2023-07-02 00:00:00 UTC,1001.132771411938,3969,letter_of_intent,in_progress,month,month,limited_term
121,Expiry Contract 71,Vitae est voluptas. Corporis perspiciatis quo. Neque voluptatem aliquid. Sunt natus laboriosam. Est qui voluptatibus. Dolorem nihil laboriosam. Ut amet odit. Corporis sit dignissimos. Dolor occaecati omnis. Tempore dolorum laboriosam. Ipsam et ea. Aliquam assumenda dolor. Ratione non et. Earum eum dolores. Et praesentium aut.,"[""voluptatem"", ""fuga"", ""et""]",#<Entity:0x00007f7c95317c70>,#<Program:0x00007f7c9532fd20>,#<User:0x00007f7c95323fc0>,#<Vendor:0x00007f7c9533f8d8>,2022-06-19 00:00:00 UTC,2023-07-03 00:00:00 UTC,2267.9421270090315,3649,letter_of_intent,approved,month,month,upon_completion
122,Expiry Contract 72,Perferendis laudantium qui. Eum nam fuga. Aut ut vel. Sed et voluptatum. Dolores voluptatem nobis. Voluptatem rerum quis. Aut porro vel. Doloribus voluptatem voluptate. Qui esse aut. Ut aliquid modi. Illo ullam temporibus. Odio et in. Quidem vitae ducimus. Qui eius ipsum. Rerum tenetur autem.,"[""qui"", ""illum"", ""qui""]",#<Entity:0x00007f7c9533b9b8>,#<Program:0x00007f7c95338218>,#<User:0x00007f7c953346b8>,#<Vendor:0x00007f7c95330e78>,2022-02-01 00:00:00 UTC,2023-07-04 00:00:00 UTC,3777.517917395601,2230,letter_of_intent,in_progress,month,month,upon_completion
123,Expiry Contract 73,Reiciendis quo iure. Iste alias sequi. Non nihil perferendis. Quia perspiciatis perferendis. Non quidem nemo. Sunt consequatur repellendus. Iusto tenetur soluta. Provident est consectetur. Ratione corrupti aperiam. Placeat et quasi. Debitis quisquam odit. Nam necessitatibus consequatur. Odit ut modi. Aut voluptates rerum. Eius impedit quos.,"[""ad"", ""consequatur"", ""amet""]",#<Entity:0x00007f7c95349928>,#<Program:0x00007f7c953414a8>,#<User:0x00007f7c9535cfa0>,#<Vendor:0x00007f7c95359940>,2021-08-02 00:00:00 UTC,2023-07-05 00:00:00 UTC,1545.1912196638941,3730,letter_of_intent,approved,month,month,limited_term
124,Expiry Contract 74,Praesentium enim autem. Sint voluptas soluta. Tempore dicta in. Nihil dolores aut. Et ab itaque. Consequatur molestias nesciunt. Laudantium aut totam. Quia nihil rerum. Aut provident cumque. Ad facilis iure. Vitae repudiandae repellat. Nisi ab necessitatibus. Neque aut nulla. Rerum et soluta. Eos aut culpa.,"[""consequatur"", ""consequatur"", ""sed""]",#<Entity:0x00007f7c95355b60>,#<Program:0x00007f7c953523c0>,#<User:0x00007f7c9536d8f0>,#<Vendor:0x00007f7c95366410>,2023-04-02 00:00:00 UTC,2023-07-06 00:00:00 UTC,3869.241472641807,3133,ILA,approved,month,month,limited_term
125,Expiry Contract 75,Aperiam mollitia ipsum. Molestiae nihil voluptatem. Veritatis sunt est. Doloremque aperiam ut. Est aut ipsum. Ea error et. Ea aut eveniet. Voluptas voluptas doloribus. Inventore repudiandae vel. Aut non officiis. Maiores sint ex. Fugiat quia omnis. Dolorum laborum ut. Explicabo non ad. Autem iusto harum.,"[""quia"", ""velit"", ""quia""]",#<Entity:0x00007f7c95360150>,#<Program:0x00007f7c953a9d00>,#<User:0x00007f7c953a3c20>,#<Vendor:0x00007f7c953bf6f0>,2023-03-28 00:00:00 UTC,2023-07-07 00:00:00 UTC,198.35388453604764,3024,grant,approved,month,month,upon_completion
126,Expiry Contract 76,Soluta maxime maiores. Eos vel aliquid. Ipsum voluptatem id. Nobis blanditiis nesciunt. Atque ea autem. Similique vitae quia. Sed id optio. Qui corrupti quia. Vitae ullam nulla. Voluptate consequatur doloribus. Nihil velit quia. Animi fugit sint. Temporibus quaerat itaque. Deserunt error dolores. Dolorem velit illo.,"[""eos"", ""ea"", ""sed""]",#<Entity:0x00007f7c953bb690>,#<Program:0x00007f7c953b1a50>,#<User:0x00007f7c953c82a0>,#<Vendor:0x00007f7c953c1f40>,2021-08-08 00:00:00 UTC,2023-07-08 00:00:00 UTC,4822.141891785626,939,grant,in_progress,month,month,continuous
127,Expiry Contract 77,Itaque incidunt repudiandae. Temporibus alias placeat. Aspernatur expedita natus. Sapiente nisi ducimus. Voluptas et aperiam. Sunt nostrum magnam. Laudantium mollitia temporibus. Ratione praesentium non. Beatae iusto accusamus. Dolore et vel. Rerum vero veniam. Perspiciatis voluptatibus porro. Optio voluptatibus sed. Pariatur ea et. Doloribus sunt at.,"[""consequatur"", ""eius"", ""sint""]",#<Entity:0x00007f7c953dd5d8>,#<Program:0x00007f7c953d8498>,#<User:0x00007f7c953d1418>,#<Vendor:0x00007f7c953e9ce8>,2022-10-14 00:00:00 UTC,2023-07-09 00:00:00 UTC,3341.596143454837,1954,contract,in_progress,month,month,limited_term
128,Expiry Contract 78,Reiciendis culpa architecto. Hic sed repellat. Aspernatur fugit perferendis. Voluptas ratione dolores. Voluptatibus expedita non. Consequuntur eum consectetur. Harum necessitatibus optio. Voluptate molestiae voluptas. Quos fuga mollitia. Nobis est explicabo. Molestiae quaerat ut. Voluptatem nesciunt vel. Molestiae ratione accusamus. Et voluptatum perspiciatis. Laudantium cumque eaque.,"[""illum"", ""et"", ""nihil""]",#<Entity:0x00007f7c953e1048>,#<Program:0x00007f7c953fd220>,#<User:0x00007f7c953f9120>,#<Vendor:0x00007f7c953f5700>,2021-08-04 00:00:00 UTC,2023-07-10 00:00:00 UTC,2799.747739183316,3950,grant,in_progress,month,month,limited_term
129,Expiry Contract 79,Sit qui deleniti. Fuga aut ex. Voluptas quia nam. Corporis qui eveniet. Praesentium placeat enim. Illo tenetur repellat. Sint saepe sed. Iure tenetur vitae. Provident et rerum. Ut commodi et. Atque ab ipsa. Sunt ut corrupti. Nemo cum perspiciatis. Quam culpa ut. Aut cum doloremque.,"[""et"", ""error"", ""cum""]",#<Entity:0x00007f7c953f1740>,#<Program:0x00007f7c9540ce50>,#<User:0x00007f7c95406b90>,#<Vendor:0x00007f7c9541b9a0>,2022-11-21 00:00:00 UTC,2023-07-11 00:00:00 UTC,697.9095993462884,2511,property_lease,approved,month,month,upon_completion
130,Expiry Contract 80,Et voluptatem neque. Officia ad possimus. Vero qui consequatur. Minus est temporibus. Dicta sint fuga. Molestiae tenetur perspiciatis. Perspiciatis beatae sapiente. Maiores quam autem. Recusandae sed laboriosam. Voluptate distinctio debitis. Voluptate distinctio suscipit. Quo quasi ad. Et omnis facere. Quibusdam omnis dolorem. Rerum sed fugiat.,"[""ipsum"", ""incidunt"", ""reprehenderit""]",#<Entity:0x00007f7c95427e58>,#<Program:0x00007f7c9547e898>,#<User:0x00007f7c9547ae78>,#<Vendor:0x00007f7c95477598>,2022-01-12 00:00:00 UTC,2023-07-12 00:00:00 UTC,4710.636725268884,428,grant,in_progress,month,month,limited_term
131,Expiry Contract 81,Quis ipsum ea. Quae maiores dolores. Aspernatur non facere. Porro sint officia. Consequatur doloribus sed. Id ea sed. Culpa sunt facilis. Iure repellendus perferendis. Quo inventore aperiam. Voluptas sit doloribus. Iure libero dolorem. Quia dignissimos dolor. Dolor voluptatem eveniet. Voluptates id itaque. Esse odit et.,"[""vel"", ""repellendus"", ""sunt""]",#<Entity:0x00007f7c95473678>,#<Program:0x00007f7c9548a6e8>,#<User:0x00007f7c954ab230>,#<Vendor:0x00007f7c954a3a30>,2023-03-02 00:00:00 UTC,2023-07-13 00:00:00 UTC,2877.6841764923597,1360,MOU_MOA,approved,month,month,limited_term
132,Expiry Contract 82,Nisi dolorum vel. Quis qui dignissimos. Totam beatae explicabo. Explicabo saepe voluptas. Ut quia ullam. Enim iure quae. Ullam ex maiores. Dolor perspiciatis optio. Delectus alias possimus. Doloribus sint excepturi. Fuga eos at. Expedita culpa magnam. Quis porro amet. Molestiae nihil nesciunt. Optio est quas.,"[""natus"", ""accusamus"", ""et""]",#<Entity:0x00007f7c954e9800>,#<Program:0x00007f7c954e0520>,#<User:0x00007f7c9568cd10>,#<Vendor:0x00007f7c956feb18>,2022-01-24 00:00:00 UTC,2023-07-14 00:00:00 UTC,2363.216721251851,2860,letter_of_intent,in_progress,month,month,upon_completion
133,Expiry Contract 83,Corrupti saepe sapiente. Tenetur quibusdam voluptates. Sed consectetur aut. Voluptatem tenetur sunt. Vitae aut rerum. Dignissimos voluptatem non. Sed sint ipsum. Iste omnis enim. Corporis et sed. Ut hic iure. Incidunt tempore aut. Eos iure quo. Sed minus inventore. Accusamus aut sit. Quia nesciunt rerum.,"[""cupiditate"", ""dolor"", ""commodi""]",#<Entity:0x00007f7c9661fe80>,#<Program:0x00007f7c966132c0>,#<User:0x00007f7c96698d58>,#<Vendor:0x00007f7c966dfc80>,2021-06-22 00:00:00 UTC,2023-07-15 00:00:00 UTC,4.815533648810657,3068,grant,in_progress,month,month,upon_completion
134,Expiry Contract 84,Quia commodi amet. Quia magnam et. Facere rerum qui. Molestiae qui ipsum. Illo amet quibusdam. Qui amet ut. Corrupti possimus voluptatum. Cupiditate minus voluptatem. Est expedita ut. Quia dicta non. Facilis qui autem. Nobis quia voluptas. Sit ut dolorem. Delectus voluptas rerum. Sint numquam ullam.,"[""ab"", ""ut"", ""inventore""]",#<Entity:0x00007f7c966d32a0>,#<Program:0x00007f7c966fa148>,#<User:0x00007f7c966f2a88>,#<Vendor:0x00007f7c96714b10>,2021-09-06 00:00:00 UTC,2023-07-16 00:00:00 UTC,2754.5790831492386,3200,MOU_MOA,approved,month,month,continuous
135,Expiry Contract 85,Impedit vitae et. Natus voluptatem quod. Quis blanditiis nemo. Distinctio et exercitationem. Et beatae quidem. Voluptatibus et vitae. Neque ex doloremque. Quia quas vero. Eligendi ut dolor. Est ea et. Dolorum debitis aut. Ut excepturi culpa. Vitae ea asperiores. Quaerat accusamus illo. Voluptas quis fuga.,"[""nam"", ""sunt"", ""officia""]",#<Entity:0x00007f7c8ff2f1f8>,#<Program:0x00007f7c8ff2bc38>,#<User:0x00007f7c8ff28498>,#<Vendor:0x00007f7c8ff24ed8>,2022-04-11 00:00:00 UTC,2023-07-17 00:00:00 UTC,143.55448998108537,3080,property_lease,approved,month,month,limited_term
136,Expiry Contract 86,Aperiam fugiat qui. Et totam aut. Ut accusantium omnis. Doloremque debitis quasi. Quas ipsum corrupti. Animi explicabo impedit. Maxime voluptatem non. Praesentium minima culpa. Consequatur suscipit molestias. Veniam suscipit rerum. Occaecati repudiandae ut. Magnam eum qui. Quidem et molestias. Facere iste sapiente. Eaque quis temporibus.,"[""harum"", ""fugit"", ""quaerat""]",#<Entity:0x00007f7c8ff21418>,#<Program:0x00007f7c952cd3f0>,#<User:0x00007f7c952c9a70>,#<Vendor:0x00007f7c952c64b0>,2023-03-17 00:00:00 UTC,2023-07-18 00:00:00 UTC,4642.028517746336,1522,MOU_MOA,approved,month,month,upon_completion
137,Expiry Contract 87,Facilis ab accusamus. Velit consectetur vel. Sit dicta aut. Voluptatem odio rerum. Et et mollitia. Aliquam pariatur labore. Sed accusantium similique. Explicabo occaecati ut. Vel maiores enim. Quod earum nostrum. Ut ut nisi. Sit quo molestiae. Quibusdam quia occaecati. Tempora consequuntur nulla. Ut repudiandae eum.,"[""nobis"", ""eius"", ""quae""]",#<Entity:0x00007f7c952c1230>,#<Program:0x00007f7c95377ee0>,#<User:0x00007f7c9543fe68>,#<Vendor:0x00007f7c95430508>,2022-05-14 00:00:00 UTC,2023-07-19 00:00:00 UTC,3761.2020771699317,230,MOU_MOA,in_progress,month,month,continuous
138,Expiry Contract 88,Molestias qui nam. Dolor iste magnam. Ut laudantium atque. Incidunt porro voluptatem. Quae deserunt sint. Est quibusdam deserunt. Repellendus molestias explicabo. Voluptatem sint ad. Suscipit dicta voluptatibus. Voluptas voluptatum asperiores. Nulla aut omnis. Eos ex voluptates. Provident molestias cumque. Eaque ut voluptates. Exercitationem et cum.,"[""cum"", ""quidem"", ""non""]",#<Entity:0x00007f7c9544a520>,#<Program:0x00007f7c95441e20>,#<User:0x00007f7c95459930>,#<Vendor:0x00007f7c95453170>,2023-04-11 00:00:00 UTC,2023-07-20 00:00:00 UTC,534.635247739962,182,MOU_MOA,in_progress,month,month,limited_term
139,Expiry Contract 89,Quia unde et. Earum eius voluptatem. Voluptatem dolor et. Non sed voluptate. Aut modi rerum. Nihil quas autem. Cupiditate temporibus omnis. Et non quo. Suscipit deleniti blanditiis. Tempora qui iure. Praesentium deserunt deleniti. Placeat unde laudantium. Cum qui aut. Ratione dolor molestiae. Dolorem fuga enim.,"[""quis"", ""aut"", ""assumenda""]",#<Entity:0x00007f7c9546cc60>,#<Program:0x00007f7c954694c0>,#<User:0x00007f7c9538e758>,#<Vendor:0x00007f7c9538a3d8>,2021-07-17 00:00:00 UTC,2023-07-21 00:00:00 UTC,3762.049808697781,486,grant,in_progress,month,month,upon_completion
140,Expiry Contract 90,Tenetur odio dolorum. Enim cum sed. Veniam et aut. Laborum quo omnis. Maiores et quia. Harum perferendis eos. Error laborum quam. Molestiae qui quasi. Nisi consectetur aut. Ea explicabo impedit. Placeat quae voluptas. Et nulla vitae. Odio eos et. Expedita vitae libero. Et voluptatem inventore.,"[""repellat"", ""recusandae"", ""eligendi""]",#<Entity:0x00007f7c953846b8>,#<Program:0x00007f7c95380298>,#<User:0x00007f7c9539b548>,#<Vendor:0x00007f7c95391688>,2021-06-02 00:00:00 UTC,2023-07-22 00:00:00 UTC,1353.5735727052129,2129,letter_of_intent,approved,month,month,upon_completion
141,Expiry Contract 91,Ea dolore ab. Deleniti ipsa quis. Sed architecto id. Rerum eos inventore. Similique aut cupiditate. Quibusdam a autem. Alias eveniet omnis. Nemo iusto rerum. Fugiat est fuga. Neque dolores voluptas. Consequatur tenetur qui. Numquam omnis amet. Facilis eligendi sed. Aliquid laudantium sapiente. Qui aut quia.,"[""unde"", ""quidem"", ""officia""]",#<Entity:0x00007f7c952db860>,#<Program:0x00007f7c952d2a80>,#<User:0x00007f7c952e0c98>,#<Vendor:0x00007f7c952fa0a8>,2022-03-23 00:00:00 UTC,2023-07-23 00:00:00 UTC,3995.037016828728,503,grant,in_progress,month,month,continuous
142,Expiry Contract 92,Excepturi autem voluptatem. Ut alias quas. Rerum excepturi sunt. Beatae ab quaerat. Est deserunt neque. Quae voluptatem modi. Animi facere nihil. Et consequuntur accusantium. In atque consequatur. Labore quia ut. Autem numquam et. Esse optio adipisci. Provident accusantium et. Debitis omnis optio. Qui at libero.,"[""ratione"", ""dolores"", ""est""]",#<Entity:0x00007f7c952f0828>,#<Program:0x00007f7c8ff4cf00>,#<User:0x00007f7c8ff49580>,#<Vendor:0x00007f7c8ff45e80>,2022-02-04 00:00:00 UTC,2023-07-24 00:00:00 UTC,1753.9934896950142,395,MOU_MOA,in_progress,month,month,limited_term
143,Expiry Contract 93,Odit consequuntur maiores. Qui quo sequi. Cumque dolorem labore. Doloribus velit accusamus. Possimus eius ea. Minus excepturi dolores. Mollitia dolorem fuga. Consequuntur laudantium eos. Velit eum eius. Autem consectetur quaerat. Ullam corrupti sit. Sit provident doloremque. Est voluptatibus sed. Et ab blanditiis. Eligendi soluta vero.,"[""qui"", ""qui"", ""et""]",#<Entity:0x00007f7c8ff42320>,#<Program:0x00007f7c8ff6ed80>,#<User:0x00007f7c8ff6b400>,#<Vendor:0x00007f7c8ff67d00>,2022-06-16 00:00:00 UTC,2023-07-25 00:00:00 UTC,916.29957063542,119,letter_of_intent,in_progress,month,month,limited_term
144,Expiry Contract 94,Id consequatur vitae. Illum et necessitatibus. Nihil aperiam maxime. Et sed et. Consequatur rerum velit. Inventore in quas. Est at harum. Iure nihil quis. Nulla ea tempore. Eligendi magnam reiciendis. Maiores non veritatis. Recusandae quisquam nisi. Ab aut corrupti. Qui ducimus dolorem. Soluta perspiciatis quidem.,"[""placeat"", ""dolor"", ""aut""]",#<Entity:0x00007f7c8ff641a0>,#<Program:0x00007f7c8ff60be0>,#<User:0x00007f7c8fe9d208>,#<Vendor:0x00007f7c8fe99b08>,2022-10-26 00:00:00 UTC,2023-07-26 00:00:00 UTC,3922.993686964537,500,ILA,in_progress,month,month,upon_completion
145,Expiry Contract 95,Similique unde ex. Non eligendi alias. Maiores qui ab. Laudantium harum porro. Ipsam consequatur nihil. Aut perferendis saepe. Quia et odit. Fugit esse totam. Amet doloribus et. Minus accusamus voluptates. Sed delectus autem. Et id explicabo. Aut doloribus nihil. Voluptate ut ut. Illo aut hic.,"[""illo"", ""qui"", ""dolores""]",#<Entity:0x00007f7c8fe95fa8>,#<Program:0x00007f7c8fe92a88>,#<User:0x00007f7c8febf150>,#<Vendor:0x00007f7c8febba50>,2023-03-16 00:00:00 UTC,2023-07-27 00:00:00 UTC,3862.446273531084,1794,property_lease,in_progress,month,month,upon_completion
146,Expiry Contract 96,Optio laboriosam et. Est molestiae eum. Occaecati dolor ipsa. Autem quo ad. In et ut. Qui voluptas vitae. Sed est fuga. Quidem magni sunt. Sit ut velit. Quasi voluptate quidem. Et earum repellat. Qui quasi quibusdam. Alias aut quas. Et occaecati itaque. Distinctio nemo nostrum.,"[""doloremque"", ""necessitatibus"", ""et""]",#<Entity:0x00007f7c8feb7f90>,#<Program:0x00007f7c8feb4930>,#<User:0x00007f7c8feb0fb0>,#<Vendor:0x00007f7c8fedd858>,2021-08-24 00:00:00 UTC,2023-07-28 00:00:00 UTC,4759.736967842853,3803,property_lease,approved,month,month,limited_term
147,Expiry Contract 97,Aliquid omnis provident. Qui nobis mollitia. Et aut sunt. Odio fugiat molestias. Eveniet eos molestiae. Nulla quas eum. Qui assumenda molestiae. Dolorem exercitationem nihil. Et voluptatem blanditiis. Delectus soluta magni. Hic mollitia consequatur. Cumque architecto harum. Culpa ad quis. Enim minus accusantium. Architecto nostrum ut.,"[""sit"", ""voluptate"", ""maxime""]",#<Entity:0x00007f7c8fed9d98>,#<Program:0x00007f7c8fed67d8>,#<User:0x00007f7c8fed2e58>,#<Vendor:0x00007f7c8feff660>,2022-10-15 00:00:00 UTC,2023-07-29 00:00:00 UTC,1668.4932358445155,3264,MOU_MOA,approved,month,month,continuous
148,Expiry Contract 98,Et maxime iste. Veritatis debitis tempore. Eius molestiae eos. Ad aliquid eum. Quis eius quaerat. Voluptatem commodi non. Pariatur officiis rerum. Magni temporibus nihil. Qui alias quia. Ut perferendis quisquam. Maxime nam ad. Quo veniam natus. Accusantium atque qui. Consequatur quidem aut. Laudantium voluptatem voluptatum.,"[""quia"", ""necessitatibus"", ""numquam""]",#<Entity:0x00007f7c8fefbb00>,#<Program:0x00007f7c8fef8540>,#<User:0x00007f7c8fef4c60>,#<Vendor:0x00007f7c8fef14c0>,2021-11-24 00:00:00 UTC,2023-07-30 00:00:00 UTC,2547.9311406225324,3982,property_lease,approved,month,month,limited_term
149,Expiry Contract 99,Expedita sunt sint. Asperiores et architecto. Deserunt voluptatem cumque. Qui maxime reprehenderit. Amet odit temporibus. Necessitatibus nulla qui. Laboriosam cum maxime. Numquam quo ut. Iusto eligendi minima. Et id ad. Temporibus dignissimos sit. Ut quos qui. Inventore similique nemo. Est facilis alias. Necessitatibus itaque sit.,"[""expedita"", ""porro"", ""veniam""]",#<Entity:0x00007f7c8ff8d7a8>,#<Program:0x00007f7c8ff8a0a8>,#<User:0x00007f7c8ff86728>,#<Vendor:0x00007f7c8ff83168>,2022-12-16 00:00:00 UTC,2023-07-31 00:00:00 UTC,3935.421618105852,1186,letter_of_intent,approved,month,month,limited_term
150,Expiry Contract 100,Molestias beatae totam. Voluptatum et dicta. Repellat et enim. Vero vel qui. Nihil voluptas quod. Non libero rerum. Distinctio qui fuga. Dolores provident iure. Magnam nam saepe. Non qui aut. Sit officia iste. Nesciunt reiciendis dolore. Blanditiis reprehenderit laboriosam. Quaerat assumenda repellendus. Consequatur aut quis.,"[""officiis"", ""temporibus"", ""fugiat""]",#<Entity:0x00007f7c8ffaf650>,#<Program:0x00007f7c8ffabf50>,#<User:0x00007f7c8ffa85d0>,#<Vendor:0x00007f7c8ffa4f70>,2021-04-27 00:00:00 UTC,2023-08-01 00:00:00 UTC,298.5317018238868,2129,letter_of_intent,in_progress,month,month,continuous
